Id,Nama,Email,Password,Domisili,Jenis Kelamin,Umur,Pengalaman
1,Harcourt Leppington,hleppington0@reference.com,Zjvy1t,Yogyakarta,Perempuan,24,12
2,Cristi Weeds,cweeds1@blogtalkradio.com,GRjASvqhv,Cilacap,Laki-laki,18,5
3,Thorny Gidden,tgidden2@acquirethisname.com,hTBgDny2C2p7,Semarang,Perempuan,48,9
4,Thibaut Spurdens,tspurdens3@omniture.com,aUz4mmfRq,Cilacap,Perempuan,54,10
5,Cristionna Gaul,cgaul4@storify.com,5dU6hdn,Malang,Laki-laki,61,18
6,Avril Sodor,asodor5@themeforest.net,Y2ZPWf,Tegal,Perempuan,19,10
7,Benjy Buxcey,bbuxcey6@reddit.com,rB2517AVjT,Yogyakarta,Laki-laki,61,4
8,Noni Landall,nlandall7@drupal.org,Pc67jCh5,Pasuruan,Perempuan,44,25
9,Cassandre Skouling,cskouling8@list-manage.com,dFM1UO,Surabaya,Perempuan,54,1
10,Jarib Garbutt,jgarbutt9@spotify.com,cDeudTPY,Pasuruan,Perempuan,41,20
11,Emmy McTeague,emcteaguea@google.de,amaNkzK3PAbb,Tegal,Laki-laki,22,6
12,Karoly Kail,kkailb@elegantthemes.com,4dfr5y4,Tegal,Perempuan,35,18
13,Eustacia Dyzart,edyzartc@ameblo.jp,SiW1Cb7ppa,Madiun,Perempuan,45,16
14,Mellicent Rablan,mrabland@china.com.cn,Gh6UG5rr0S,Solo,Laki-laki,33,8
15,Dorri Blose,dblosee@go.com,O0oGaRk5,Solo,Perempuan,32,3
16,Joela Braiden,jbraidenf@paypal.com,N0OufcKod,Semarang,Perempuan,63,8
17,Phil Greasley,pgreasleyg@google.ru,0iCDXpCDc,Tangerang,Perempuan,33,13
18,Clemente Tallboy,ctallboyh@vinaora.com,CiCxsiNCnSP,Bekasi,Perempuan,59,13
19,Mollee Bickerdyke,mbickerdykei@youtu.be,6aI95VMCmwj,Surabaya,Perempuan,54,10
20,Antonio Southard,asouthardj@163.com,aYIo3qORyas,Pasuruan,Perempuan,55,17
21,Jemmy Genner,jgennerk@t.co,XVTYVtX8Z,Malang,Laki-laki,56,25
22,Melonie Dockrell,mdockrelll@independent.co.uk,X0mwBu620,Tegal,Laki-laki,32,9
23,Konrad Petrishchev,kpetrishchevm@usa.gov,Hz9vMh,Jakarta,Laki-laki,36,9
24,Hilliary Jaggs,hjaggsn@canalblog.com,CohKX1ddl4D,Yogyakarta,Perempuan,38,10
25,Lishe Ramsdell,lramsdello@stanford.edu,vqRD98xXxw2f,Cilacap,Laki-laki,29,5
26,Roobbie Davidwitz,rdavidwitzp@cdc.gov,tTVhwxXK,Depok,Perempuan,66,6
27,Minette Paulucci,mpaulucciq@lulu.com,AeJYIIm,Magelang,Perempuan,52,20
28,Brooke Manntschke,bmanntschker@dailymail.co.uk,2Ie3YtDOH,Surabaya,Perempuan,56,13
29,Bryon Beteriss,bbeterisss@cmu.edu,5XgJObrY5AX,Cilacap,Laki-laki,27,19
30,Charin Foley,cfoleyt@people.com.cn,Z26xMCr0,Bandung,Laki-laki,25,18
31,Wakefield Belliard,wbelliardu@toplist.cz,VuTNUtskzf,Bekasi,Laki-laki,49,11
32,Vonnie Grigori,vgrigoriv@ft.com,ygP2n6RzcAj,Bogor,Laki-laki,23,18
33,Dorolisa Danielis,ddanielisw@creativecommons.org,nR314U1GV2u,Pekalongan,Perempuan,47,8
34,Isis Poacher,ipoacherx@slideshare.net,WPGlCIRA,Bandung,Perempuan,32,23
35,Jorge Pigden,jpigdeny@seesaa.net,SoCJfam,Magelang,Perempuan,40,13
36,Whitney Caley,wcaleyz@icio.us,7PGxTw5D,Semarang,Perempuan,62,16
37,Elia Clayden,eclayden10@cloudflare.com,U3KvZLDzwC,Semarang,Laki-laki,44,20
38,Pearle Ventum,pventum11@yelp.com,bgocK0,Depok,Perempuan,28,3
39,Shellie Lascell,slascell12@sfgate.com,67KYmq9Ehw,Tegal,Perempuan,43,24
40,Bo Ashurst,bashurst13@youku.com,nTb4qKv,Magelang,Perempuan,29,20
41,Anderea Ravenshaw,aravenshaw14@unblog.fr,jYt1svE,Cirebon,Perempuan,50,14
42,Errick Jochanany,ejochanany15@usda.gov,C9xtwkondA,Pekalongan,Perempuan,21,2
43,Ingar Cardenas,icardenas16@blinklist.com,cGiZDCkFC4I,Purwokerto,Laki-laki,49,11
44,Tome Camamill,tcamamill17@creativecommons.org,5Z7eOd,Solo,Laki-laki,65,13
45,Douglas Pickless,dpickless18@trellian.com,AqgbRWPTHJ,Purwokerto,Perempuan,62,20
46,Issie Gouck,igouck19@dailymotion.com,Rb72yhpB,Malang,Perempuan,23,11
47,Salaidh Maughan,smaughan1a@sun.com,CF50aOXL9,Bekasi,Laki-laki,64,25
48,Karlotta Wyke,kwyke1b@java.com,RUC62FzO,Tegal,Laki-laki,50,7
49,Dorry Heephy,dheephy1c@umn.edu,hOREdXYMWvrv,Depok,Laki-laki,42,11
50,Maynard Jeske,mjeske1d@paginegialle.it,XgcJ5SvPQVh,Tegal,Perempuan,65,6
51,Griff Van der Mark,gvan1e@harvard.edu,iILtf8x,Pekalongan,Perempuan,31,6
52,Jacinthe Marvelley,jmarvelley1f@intel.com,AJ33E0V,Yogyakarta,Laki-laki,19,9
53,Major Buttwell,mbuttwell1g@webmd.com,9tSktvhS,Madiun,Perempuan,35,14
54,Van Dolohunty,vdolohunty1h@aboutads.info,RSnBWjQUdHBm,Solo,Perempuan,40,17
55,Christophe Meece,cmeece1i@statcounter.com,0nexRK4vx,Semarang,Laki-laki,63,12
56,Prentice Schleicher,pschleicher1j@google.com,U3NNCzpglU,Pasuruan,Perempuan,27,2
57,Yetta Farrance,yfarrance1k@usa.gov,Gp2ifMi07Pn,Surabaya,Laki-laki,21,24
58,Gardie Paling,gpaling1l@cam.ac.uk,HubpUmKpn,Pekalongan,Laki-laki,19,5
59,Sasha Dudding,sdudding1m@google.com.hk,N9PxpwL4,Tegal,Perempuan,66,4
60,Elisha Segges,esegges1n@bloglovin.com,5KTq5e,Yogyakarta,Laki-laki,46,17
61,Amandy Bett,abett1o@bravesites.com,W50FnZ,Semarang,Laki-laki,52,15
62,Corie Strother,cstrother1p@house.gov,p1uvKjD4Z,Solo,Laki-laki,22,3
63,Pavla Dunk,pdunk1q@wiley.com,cvi07czCl,Magelang,Laki-laki,69,2
64,Sutherland Jina,sjina1r@fema.gov,qNHT61,Depok,Perempuan,51,8
65,Siward Curds,scurds1s@simplemachines.org,QQwtfJohAbom,Probolinggo,Laki-laki,69,14
66,Morly Keeltagh,mkeeltagh1t@cargocollective.com,aJPhlz0,Bekasi,Perempuan,54,25
67,Abbe Crownshaw,acrownshaw1u@buzzfeed.com,h0vXyjw,Jakarta,Perempuan,66,19
68,Hermina Rumney,hrumney1v@joomla.org,S7YNWFucE,Bandung,Perempuan,70,16
69,Bryce Chasen,bchasen1w@wp.com,OH76uE5,Madiun,Perempuan,18,17
70,Maure Warlton,mwarlton1x@homestead.com,Zkem2zY,Surabaya,Laki-laki,55,10
71,Madonna Mulvaney,mmulvaney1y@exblog.jp,jUphpAV5HnP,Depok,Perempuan,40,5
72,Ernesto Gamil,egamil1z@hatena.ne.jp,w2jCiLGW2u,Semarang,Perempuan,57,15
73,Phillipp Almond,palmond20@google.co.jp,tCcKOVBvt3U,Magelang,Laki-laki,63,10
74,Mill Lovie,mlovie21@sfgate.com,0FoFgLgZ1Ys,Yogyakarta,Laki-laki,37,17
75,Deni Fomichkin,dfomichkin22@youku.com,iw8Z8sLJI5,Cilacap,Perempuan,60,18
76,Morty Howling,mhowling23@sciencedirect.com,tk8JCYX8,Bekasi,Perempuan,39,17
77,Maxi Saunt,msaunt24@hp.com,rTren5,Solo,Perempuan,18,25
78,Lemar Vinker,lvinker25@ebay.co.uk,sWtuv9,Purwokerto,Laki-laki,66,20
79,Pauli O'Crevy,pocrevy26@linkedin.com,5STEC3HO,Cilacap,Perempuan,47,24
80,Zorana Coneron,zconeron27@paginegialle.it,bJUSpoQn,Surabaya,Laki-laki,27,19
81,Ring Bullier,rbullier28@ocn.ne.jp,kdnH6CG,Cilacap,Laki-laki,70,17
82,Osborne Craik,ocraik29@si.edu,HQJRXvkH,Bekasi,Perempuan,69,14
83,Donelle Gyurko,dgyurko2a@cbslocal.com,eAWm4kwUKJQ,Malang,Perempuan,16,12
84,Ofelia Denley,odenley2b@amazon.co.jp,JluHgAKAN7ew,Solo,Perempuan,25,7
85,Roderick Maciejak,rmaciejak2c@ycombinator.com,EcnoETk7zug,Solo,Perempuan,15,19
86,Pavlov De Caroli,pde2d@ucsd.edu,I1hDb4M0zp3,Malang,Perempuan,59,1
87,Irita Gleave,igleave2e@angelfire.com,GlB9nEnmssY,Cirebon,Perempuan,55,25
88,Tannie Sposito,tsposito2f@google.ca,oGlpTEDFyV,Cirebon,Perempuan,53,1
89,Dimitry Treasaden,dtreasaden2g@omniture.com,dVb0fAkoOg2,Tegal,Perempuan,15,10
90,Gerek Seage,gseage2h@latimes.com,bcbzwamlDz,Depok,Laki-laki,52,1
91,Traver Keast,tkeast2i@ca.gov,kOkF7nc,Magelang,Laki-laki,51,19
92,Julina Edwick,jedwick2j@foxnews.com,5EISdCj,Depok,Laki-laki,56,7
93,Nappy Dmiterko,ndmiterko2k@google.pl,0nMUbos,Magelang,Laki-laki,37,18
94,Joannes MacBean,jmacbean2l@issuu.com,L4ON4pD0,Solo,Laki-laki,67,23
95,Nadiya Jacobovitz,njacobovitz2m@tumblr.com,UBONOxZ5Ii,Pasuruan,Perempuan,62,3
96,Ari Turfs,aturfs2n@dmoz.org,m09fhw3wgc7N,Yogyakarta,Laki-laki,34,2
97,Em Prebble,eprebble2o@tuttocitta.it,9jkDiDt1MUA,Yogyakarta,Laki-laki,17,17
98,Greta Pleass,gpleass2p@telegraph.co.uk,yrqv2P,Purwokerto,Perempuan,54,20
99,Giacomo Parish,gparish2q@diigo.com,l0mY51F0CK,Tegal,Perempuan,69,6
100,Bradney Lewis,blewis2r@freewebs.com,tuDHTxBSZf,Solo,Laki-laki,38,13
101,Griz Molnar,gmolnar2s@histats.com,G1RFphUh,Surabaya,Perempuan,49,25
102,Alaric Lothlorien,alothlorien2t@yandex.ru,LApjkmjn7rLC,Solo,Perempuan,46,20
103,Adams Gration,agration2u@unesco.org,W9bGJUnLYt,Tegal,Laki-laki,45,1
104,Evonne Keeley,ekeeley2v@youku.com,BvfWWrWF7mXX,Yogyakarta,Laki-laki,35,6
105,Faustine Petrovsky,fpetrovsky2w@bloglovin.com,jXwGOS,Magelang,Laki-laki,51,17
106,Chucho Caro,ccaro2x@disqus.com,7HoiL8AM,Yogyakarta,Laki-laki,54,13
107,Desi Ephson,dephson2y@cbslocal.com,TzM5L6u,Magelang,Perempuan,17,1
108,Milissent O'Cosgra,mocosgra2z@xrea.com,A09KvGS6t,Depok,Perempuan,45,4
109,Adah Pittendreigh,apittendreigh30@mit.edu,B52EGNPQa,Bogor,Laki-laki,29,12
110,Ingaberg Piggens,ipiggens31@topsy.com,NX9JJ08z88BS,Pekalongan,Perempuan,27,15
111,Otto de Pinna,ode32@soup.io,ULj4cDYsFy2,Solo,Perempuan,15,7
112,Selby Pyne,spyne33@psu.edu,x2rR2asLq,Tegal,Laki-laki,56,19
113,Raleigh Danilchenko,rdanilchenko34@europa.eu,zmWyx6q5R,Probolinggo,Laki-laki,46,12
114,Richart O'Sheerin,rosheerin35@miitbeian.gov.cn,gCEiDsfcIB,Depok,Perempuan,29,8
115,Devon Edgworth,dedgworth36@ox.ac.uk,bB1iD0Rom7zJ,Surabaya,Laki-laki,61,11
116,Jaquenette Sugars,jsugars37@google.fr,OWKBC34kxkw,Probolinggo,Laki-laki,69,9
117,Angus Margerison,amargerison38@wsj.com,qSCKfdO4,Probolinggo,Laki-laki,61,21
118,Osbourn Ahrendsen,oahrendsen39@tamu.edu,n8cEm0gH1d,Bekasi,Perempuan,24,8
119,Cyndia Penrose,cpenrose3a@shareasale.com,Rf0bcHwlJv0,Magelang,Perempuan,61,20
120,Marje Goatcher,mgoatcher3b@mapquest.com,hPT0GgI2,Surabaya,Laki-laki,65,7
121,Janella Oles,joles3c@tiny.cc,2nTPRBv9bIf,Magelang,Perempuan,17,5
122,Analise Gozard,agozard3d@fotki.com,ZQvEhht6ewyh,Purwokerto,Perempuan,65,16
123,Shannen Hightown,shightown3e@theglobeandmail.com,84uKiGh,Bekasi,Laki-laki,54,15
124,Rowney Phillipson,rphillipson3f@creativecommons.org,NiRQcAJiB9,Semarang,Perempuan,39,9
125,Phillipp Rome,prome3g@blogger.com,GfoYIkg5,Tegal,Laki-laki,38,2
126,Denyse Sorsby,dsorsby3h@wikia.com,YoWkDf6Zpq57,Tegal,Perempuan,27,12
127,Donnell Guppey,dguppey3i@narod.ru,HjqFIGjSi,Tegal,Laki-laki,45,22
128,Linn Tregale,ltregale3j@ox.ac.uk,YWLj0MAr,Semarang,Laki-laki,47,21
129,Gwyn Deroche,gderoche3k@prweb.com,6PC2tUe,Magelang,Laki-laki,47,23
130,Marigold McKim,mmckim3l@shinystat.com,RA5NqBfZfD,Bekasi,Perempuan,59,5
131,Nananne Portress,nportress3m@chronoengine.com,vvqtgrhZ,Depok,Perempuan,22,5
132,Onida Loutheane,oloutheane3n@unicef.org,mGAQxP,Solo,Perempuan,63,3
133,Abbey Felderer,afelderer3o@flickr.com,ngN3SDWigk,Purwokerto,Laki-laki,61,21
134,Bliss Strowthers,bstrowthers3p@360.cn,LObDbY,Pekalongan,Laki-laki,24,17
135,Baudoin Lindenboim,blindenboim3q@feedburner.com,dfhEIZoaio,Surabaya,Laki-laki,24,8
136,Hephzibah Baudains,hbaudains3r@ycombinator.com,3cFUov0EfpsW,Tangerang,Laki-laki,57,17
137,Selestina Babington,sbabington3s@simplemachines.org,5b8fLpHUI,Yogyakarta,Laki-laki,23,14
138,Wadsworth Quene,wquene3t@delicious.com,SylppmA,Bekasi,Laki-laki,61,17
139,Amber Naseby,anaseby3u@nytimes.com,mTzE6Alh,Bekasi,Perempuan,16,3
140,Jeromy Drayn,jdrayn3v@scientificamerican.com,5qa1ckGH,Semarang,Laki-laki,43,24
141,Freedman Jime,fjime3w@imgur.com,lSEJCF,Probolinggo,Perempuan,46,14
142,Ramsey O'Lahy,rolahy3x@cyberchimps.com,R6yG253KuS2,Depok,Laki-laki,60,5
143,Oneida Crowche,ocrowche3y@shinystat.com,KlMDITuay0l,Semarang,Laki-laki,18,19
144,Felicio Tremaine,ftremaine3z@china.com.cn,kE3LEM2B1,Malang,Laki-laki,47,24
145,Colette Sackey,csackey40@deviantart.com,HCUCxdTkVt,Cilacap,Laki-laki,17,4
146,Gasparo Winson,gwinson41@vk.com,Ba7lg5f7a,Tangerang,Laki-laki,28,11
147,Rubina Gerb,rgerb42@xing.com,staIadfDD,Bogor,Laki-laki,56,20
148,Donielle Chalder,dchalder43@npr.org,njsnfnLC8,Pasuruan,Laki-laki,61,19
149,Fidole Damper,fdamper44@psu.edu,jgH9HNsF,Probolinggo,Perempuan,60,18
150,Lovell Gellan,lgellan45@oakley.com,AImNKg73oLY,Semarang,Laki-laki,30,24
151,Francois Lewer,flewer46@yandex.ru,fC6bDU,Magelang,Perempuan,63,23
152,Agatha Hurburt,ahurburt47@aol.com,1SIbF2V,Probolinggo,Laki-laki,60,4
153,Tresa Baldrick,tbaldrick48@ucla.edu,rvrZPj,Purwokerto,Perempuan,51,13
154,Lawton Mattson,lmattson49@yolasite.com,QvdO2k,Bandung,Perempuan,26,11
155,Melissa Hoston,mhoston4a@usgs.gov,dIgsE6cktBm7,Purwokerto,Laki-laki,18,24
156,Merrielle Cockshtt,mcockshtt4b@cdc.gov,6d2nLqTiEZDC,Tegal,Perempuan,44,4
157,Grantley Burchatt,gburchatt4c@google.pl,QXYy5GYRWGbd,Yogyakarta,Perempuan,45,17
158,Jae Face,jface4d@paypal.com,3E0ia4,Probolinggo,Perempuan,67,18
159,Elmo Grimsell,egrimsell4e@wikimedia.org,udD2fDOXnT,Purwokerto,Laki-laki,48,9
160,Mickey Rive,mrive4f@google.com.hk,K7ZpVt,Tangerang,Perempuan,47,22
161,Wood Fowley,wfowley4g@wikimedia.org,F88pNzfjurm,Madiun,Perempuan,53,15
162,Kinna Crafter,kcrafter4h@arizona.edu,8rl6gbuL,Bandung,Laki-laki,24,3
163,Sal Orteau,sorteau4i@fastcompany.com,Mrn0l2ZfYQV,Probolinggo,Laki-laki,23,14
164,Gualterio Needs,gneeds4j@whitehouse.gov,Zvd87z17qsNc,Depok,Laki-laki,37,22
165,Lennie Wemm,lwemm4k@usda.gov,P5s87q,Probolinggo,Laki-laki,70,14
166,Vannie Rubke,vrubke4l@geocities.jp,QTKz86vzU6,Pekalongan,Laki-laki,53,7
167,Rodolph Caccavale,rcaccavale4m@vimeo.com,UzOOBOvfU8p6,Solo,Perempuan,55,3
168,Barnabas Rosso,brosso4n@time.com,rYEumuqm,Pekalongan,Perempuan,38,6
169,Fabe Grebert,fgrebert4o@ca.gov,CMZVUE28ZyNI,Bandung,Laki-laki,47,7
170,Maddie Pinniger,mpinniger4p@hud.gov,6HHbCy4,Madiun,Perempuan,55,22
171,Mozelle Bonellie,mbonellie4q@theatlantic.com,K1XtOPK,Bekasi,Laki-laki,28,25
172,Kevon McAllan,kmcallan4r@cbslocal.com,q53Sem,Cirebon,Perempuan,67,7
173,Thomas Wegman,twegman4s@bbc.co.uk,EuflxXBje2n,Madiun,Perempuan,29,25
174,Andrej Windrum,awindrum4t@cbc.ca,YPjBfYdhGS1,Tegal,Perempuan,26,21
175,Tallie Harrell,tharrell4u@wiley.com,LTLxTzDW,Purwokerto,Laki-laki,20,10
176,Linette Baldacchino,lbaldacchino4v@flickr.com,EAhS2J,Bekasi,Perempuan,38,20
177,Eugenio Cord,ecord4w@cloudflare.com,yubuIrmL7ZV,Surabaya,Laki-laki,22,4
178,Chandra Mussettini,cmussettini4x@imgur.com,c8ubUutvB,Bogor,Laki-laki,50,9
179,Crystie Strafford,cstrafford4y@furl.net,w6yH8nlSIZh,Madiun,Laki-laki,16,16
180,Randolph Simmonett,rsimmonett4z@alexa.com,3YIMn8G,Probolinggo,Laki-laki,26,1
181,Harris Cheesley,hcheesley50@aol.com,Tm0MQsQz,Tegal,Perempuan,41,3
182,Averil Roche,aroche51@ucoz.com,TJyPD7hImFon,Jakarta,Perempuan,31,23
183,Romy Wicks,rwicks52@wisc.edu,g3oDQWID1Bz,Bekasi,Laki-laki,39,12
184,Derrik Danilov,ddanilov53@ox.ac.uk,QpMVGUmuW,Madiun,Laki-laki,32,12
185,Brok Faichney,bfaichney54@desdev.cn,CVZDeOPiD,Tegal,Laki-laki,34,25
186,Clerkclaude Holdren,choldren55@wikispaces.com,IfDcUNg,Cirebon,Perempuan,65,10
187,Roth Benthall,rbenthall56@xrea.com,Fj7aP3ZTvR,Semarang,Perempuan,25,10
188,Rick Littell,rlittell57@epa.gov,x4nurmFhhB9K,Madiun,Perempuan,17,2
189,Gard Leverentz,gleverentz58@plala.or.jp,tyLzSQc,Pasuruan,Perempuan,19,20
190,Maison Chyuerton,mchyuerton59@va.gov,WoAlDVpkoNQX,Purwokerto,Laki-laki,62,22
191,Townie Hugonet,thugonet5a@alexa.com,4hkE8k8cezCI,Yogyakarta,Laki-laki,56,23
192,Joyce Depper,jdepper5b@jiathis.com,bZ7d1douYP7M,Surabaya,Laki-laki,46,24
193,Rhody Barnewell,rbarnewell5c@technorati.com,Ge7Vdi870P,Jakarta,Laki-laki,25,12
194,Vinnie Andrzejewski,vandrzejewski5d@earthlink.net,fA0RPr,Magelang,Perempuan,28,3
195,Selie Bounds,sbounds5e@google.cn,iAqxUmGm9TqP,Bekasi,Perempuan,57,11
196,Baily Samways,bsamways5f@creativecommons.org,OQfijZxb0F,Pekalongan,Perempuan,27,8
197,Zack Lefort,zlefort5g@state.gov,3eHsIjfN,Semarang,Laki-laki,18,3
198,Kaleb Clowsley,kclowsley5h@noaa.gov,dG9W5Bgdk2A,Tegal,Laki-laki,70,6
199,Sabra Trevillion,strevillion5i@un.org,QVaGHayU,Cilacap,Perempuan,35,16
200,Modesta Andrewartha,mandrewartha5j@reverbnation.com,IpT7VjBc4,Semarang,Laki-laki,66,23
201,Cristie Pollett,cpollett5k@devhub.com,hTe0mKxTvt,Depok,Perempuan,42,3
202,Humfried Winkell,hwinkell5l@meetup.com,ywjA265jEA,Tangerang,Perempuan,65,10
203,Damiano McAtamney,dmcatamney5m@t-online.de,MHEXZejrY,Cirebon,Laki-laki,47,9
204,Caroljean Tettersell,ctettersell5n@yale.edu,ubDCa6ed,Pasuruan,Laki-laki,35,15
205,Marlee Di Francesco,mdi5o@mediafire.com,NSMkZUKIq,Magelang,Perempuan,23,6
206,Jayne Dallin,jdallin5p@marketwatch.com,82knPmsuWZ,Probolinggo,Perempuan,62,10
207,Myrta Pieracci,mpieracci5q@twitpic.com,tx8vbvJRE5kG,Bekasi,Perempuan,61,18
208,Aridatha Trembley,atrembley5r@feedburner.com,9IuQsL,Bogor,Perempuan,15,24
209,Gearalt Mabbutt,gmabbutt5s@fastcompany.com,7Yuj8q,Tegal,Laki-laki,16,17
210,Erhart Gratrex,egratrex5t@hatena.ne.jp,iHtx0MSlAcec,Jakarta,Laki-laki,65,16
211,Reinaldo Leamon,rleamon5u@cdc.gov,7wFnJhZJIA,Cilacap,Laki-laki,30,8
212,Chrystel Oakenfall,coakenfall5v@tiny.cc,freJOPaL9,Cilacap,Perempuan,64,2
213,Ginni Waymont,gwaymont5w@rediff.com,XutO5LVQrwD,Cilacap,Laki-laki,50,14
214,Eli Prangle,eprangle5x@zimbio.com,ZekQjXnU7z,Cirebon,Laki-laki,40,3
215,Minetta Pockey,mpockey5y@1688.com,cbYToelNZe4c,Bogor,Perempuan,24,11
216,Rachelle Marquess,rmarquess5z@dropbox.com,d8deHBS3U,Probolinggo,Laki-laki,43,20
217,Winna Arkil,warkil60@hp.com,wnT0DF,Pekalongan,Laki-laki,44,22
218,Ernaline Assard,eassard61@eepurl.com,AordYworYc,Tangerang,Perempuan,47,11
219,Winn Rame,wrame62@ocn.ne.jp,PmcTiAS,Tangerang,Perempuan,27,5
220,Augusto Adolphine,aadolphine63@hp.com,YJr2fo,Solo,Perempuan,24,7
221,Bliss Kembery,bkembery64@drupal.org,YFdfQlf,Madiun,Laki-laki,63,8
222,Kaela Rosenboim,krosenboim65@hc360.com,2ZfxFWit,Purwokerto,Perempuan,26,15
223,Grantley Filippov,gfilippov66@imdb.com,nT3AjwqNBy,Magelang,Laki-laki,69,24
224,Dominica Blankett,dblankett67@techcrunch.com,GqfZqum6,Solo,Laki-laki,50,3
225,Danice Dundin,ddundin68@netscape.com,Cz7SrY,Depok,Laki-laki,15,15
226,Lona Vance,lvance69@tinypic.com,5E7rQj,Depok,Perempuan,59,24
227,Casandra Dymick,cdymick6a@bbb.org,yHZaQCDJeEzk,Tangerang,Laki-laki,47,14
228,Kristian Harraway,kharraway6b@networkadvertising.org,RGAS8LhDfZa,Tegal,Laki-laki,50,21
229,Lewiss Torresi,ltorresi6c@gizmodo.com,khJvBCWtr,Semarang,Perempuan,46,25
230,Brittan De Andisie,bde6d@npr.org,beL0ZBoc,Cirebon,Laki-laki,52,1
231,Normy Koenen,nkoenen6e@walmart.com,tlEuGe,Solo,Perempuan,36,5
232,Krystle Graysmark,kgraysmark6f@technorati.com,y3Q6ZgI2KQ7,Cilacap,Perempuan,47,25
233,Biddie Sheilds,bsheilds6g@is.gd,Rj63QxQv,Semarang,Perempuan,52,13
234,Clarine Duberry,cduberry6h@usnews.com,FZnaZDxCvq,Pasuruan,Perempuan,42,25
235,Peyton Paolino,ppaolino6i@networkadvertising.org,gXJ6RNNozJ1w,Semarang,Perempuan,33,21
236,Timothy Seyler,tseyler6j@vimeo.com,wUidSLmOBK,Jakarta,Perempuan,25,3
237,Vanna Shearn,vshearn6k@photobucket.com,djcdAR8,Cirebon,Perempuan,20,24
238,Laurent Challinor,lchallinor6l@netscape.com,1gNUgHHqywv,Probolinggo,Perempuan,61,23
239,Win Cordingly,wcordingly6m@stumbleupon.com,BkGYi7Gp,Pekalongan,Laki-laki,67,20
240,Cathlene Eytel,ceytel6n@flavors.me,jHfyFZt1ism,Surabaya,Laki-laki,37,15
241,Rice Arkcoll,rarkcoll6o@amazon.com,HnBsw0y85T,Malang,Perempuan,20,22
242,Rhett Ferroli,rferroli6p@ebay.com,98Xn4TTn0g,Surabaya,Perempuan,51,11
243,Jacky Maeer,jmaeer6q@ucla.edu,TWctQSnjHFh,Solo,Laki-laki,37,21
244,Anya Mowsdale,amowsdale6r@cyberchimps.com,S175vlBD3SK,Cirebon,Perempuan,26,3
245,Shandra Luppitt,sluppitt6s@blog.com,ood1Nv2DjnW,Solo,Perempuan,55,15
246,Easter Parrish,eparrish6t@51.la,364oFg8sz,Tegal,Laki-laki,38,15
247,Thia Jost,tjost6u@whitehouse.gov,przXIqsgXJNq,Purwokerto,Perempuan,31,6
248,Siffre Wellbeloved,swellbeloved6v@biglobe.ne.jp,5EjU9qbiZr,Tegal,Laki-laki,58,14
249,Evelyn Batiste,ebatiste6w@smugmug.com,Fqn9QNyplQV,Probolinggo,Laki-laki,57,2
250,Lucy Rocco,lrocco6x@sourceforge.net,63qF4RlNy28,Bogor,Laki-laki,68,6
251,Ronnica Jowett,rjowett6y@pen.io,YXoPDZJwJd6A,Jakarta,Perempuan,33,1
252,Derry Limming,dlimming6z@elegantthemes.com,QxGNae7ObM,Bandung,Perempuan,29,20
253,Giacobo Walstow,gwalstow70@bbb.org,YJyeS57KDh2j,Malang,Laki-laki,28,4
254,Belva Scoular,bscoular71@fc2.com,Acx44PP4,Cirebon,Perempuan,63,13
255,Alica Tanslie,atanslie72@github.com,9qR5Z9h9,Malang,Laki-laki,33,6
256,Maury Baggett,mbaggett73@i2i.jp,CqjQoSpR6E,Cilacap,Perempuan,68,6
257,Ursulina Sustins,usustins74@ft.com,kDunHS0T0meo,Bogor,Perempuan,36,10
258,Cos Branchflower,cbranchflower75@stanford.edu,YMhzgCaTL,Cirebon,Laki-laki,51,1
259,Brook Cardoo,bcardoo76@elpais.com,O9Q2vzZMsDsj,Solo,Perempuan,52,21
260,Hazlett Wittke,hwittke77@xinhuanet.com,mpGFzBda63,Jakarta,Laki-laki,67,3
261,Meier Willimont,mwillimont78@webmd.com,C71fSDFH3PlK,Surabaya,Perempuan,38,3
262,Erin Hairon,ehairon79@nasa.gov,vcxEDtRo,Tegal,Perempuan,68,22
263,Madelon Keling,mkeling7a@sitemeter.com,Y65B5Bu3,Depok,Laki-laki,63,18
264,Merci Yanyushkin,myanyushkin7b@aol.com,23qkYTHfUtzB,Yogyakarta,Perempuan,27,11
265,Aeriell Rens,arens7c@wp.com,O4NyKBi,Bekasi,Perempuan,18,19
266,Evin Vivian,evivian7d@msn.com,RvtF7f,Bogor,Laki-laki,53,16
267,Lelah Miliffe,lmiliffe7e@miitbeian.gov.cn,EBubKSTEG5,Surabaya,Perempuan,55,5
268,Oates Fleay,ofleay7f@home.pl,dmUkNDC,Pekalongan,Laki-laki,56,3
269,Fionnula Schenfisch,fschenfisch7g@dmoz.org,Mx8nFT,Yogyakarta,Laki-laki,40,17
270,Cort Bradman,cbradman7h@vkontakte.ru,GMDLFMpqv0T,Surabaya,Perempuan,46,4
271,Abramo Radborne,aradborne7i@github.io,9b5mEGAv3,Yogyakarta,Laki-laki,51,17
272,Adore Cropp,acropp7j@stanford.edu,10J7jARqBvnA,Cilacap,Laki-laki,34,13
273,Petronella Sotham,psotham7k@deviantart.com,jrmho0fUP,Solo,Perempuan,40,20
274,Christiana Laurentin,claurentin7l@hatena.ne.jp,FB536exn9uKn,Bogor,Laki-laki,69,8
275,Timmy Oatley,toatley7m@reference.com,ihYYHtY,Yogyakarta,Laki-laki,51,23
276,Shannan Laffin,slaffin7n@tinyurl.com,nvMmvr,Pasuruan,Perempuan,45,15
277,Rosamond Costar,rcostar7o@oakley.com,VaSmKo1,Jakarta,Laki-laki,54,4
278,Branden Ferrarello,bferrarello7p@cisco.com,Ve9oMe9,Depok,Perempuan,35,24
279,Ansley Basini-Gazzi,abasinigazzi7q@geocities.jp,2JJIL5uaY,Pekalongan,Laki-laki,23,8
280,Luca Haily,lhaily7r@rakuten.co.jp,AsdYTwGhjO,Malang,Perempuan,53,18
281,Linell Sandbatch,lsandbatch7s@hugedomains.com,fWfrXNPX,Semarang,Laki-laki,19,21
282,Kit Trassler,ktrassler7t@noaa.gov,QFNbHxSZz,Solo,Perempuan,66,14
283,Sally Rochewell,srochewell7u@whitehouse.gov,AeUyLYEM,Purwokerto,Perempuan,19,12
284,Adelle Druery,adruery7v@theguardian.com,hwQiT0NYLSP,Surabaya,Laki-laki,53,18
285,Deena Whylie,dwhylie7w@mozilla.com,G20trNRFp,Cilacap,Laki-laki,43,20
286,Erwin Gorick,egorick7x@ameblo.jp,8BXxn0,Cilacap,Laki-laki,36,12
287,Neille Gozard,ngozard7y@multiply.com,ZpuvVCUt,Bandung,Perempuan,35,9
288,Stanislaus MacSkeaghan,smacskeaghan7z@nhs.uk,mLnj8umhb1q,Tegal,Perempuan,61,8
289,Barthel Finnick,bfinnick80@wp.com,Bedz91pa,Yogyakarta,Laki-laki,21,11
290,Lanie Sills,lsills81@cmu.edu,YiWdukZSWnu,Jakarta,Perempuan,54,23
291,Trixy Mowett,tmowett82@japanpost.jp,qrxAUzRdry,Bogor,Laki-laki,61,16
292,Ethelind Culshew,eculshew83@ucoz.ru,a7GsBNm5ZZ,Bekasi,Perempuan,52,10
293,Willow Balazs,wbalazs84@kickstarter.com,v9wVjh,Tegal,Laki-laki,60,1
294,Tripp Altree,taltree85@ucoz.ru,IAncmu,Yogyakarta,Perempuan,45,18
295,Lawton North,lnorth86@cnet.com,MgdAWg69vl5,Tangerang,Laki-laki,63,17
296,Cly Caw,ccaw87@google.pl,65miRTDa,Pasuruan,Laki-laki,37,6
297,Rolph Muspratt,rmuspratt88@github.io,o6yEJpERTZSm,Purwokerto,Perempuan,55,13
298,Reed Kurth,rkurth89@independent.co.uk,n1NVxX0I,Magelang,Perempuan,40,7
299,Chen Kops,ckops8a@posterous.com,Y6OCULl3,Yogyakarta,Perempuan,33,19
300,Burr Grimshaw,bgrimshaw8b@google.co.jp,Pj3dyM,Surabaya,Laki-laki,29,20
301,Natalya Bricket,nbricket8c@zimbio.com,NOwpeSLofIa,Pasuruan,Laki-laki,70,13
302,Valry Hadland,vhadland8d@techcrunch.com,OPqYytoqId,Bogor,Perempuan,35,15
303,Robinett Woodroffe,rwoodroffe8e@wix.com,mgTaQ5aM7b,Cirebon,Laki-laki,40,11
304,Freddy Gobbet,fgobbet8f@domainmarket.com,iVrxJJR,Tegal,Perempuan,20,19
305,Tobe Dermott,tdermott8g@noaa.gov,itX1KmVmBeH,Depok,Perempuan,33,11
306,Muhammad Ranscombe,mranscombe8h@wikimedia.org,JSGMWLLI7H,Depok,Laki-laki,17,12
307,Jenine Haggart,jhaggart8i@theglobeandmail.com,WMViAJ9cWb9,Cirebon,Laki-laki,18,2
308,Dario Wingeatt,dwingeatt8j@guardian.co.uk,KctFHEO,Madiun,Perempuan,65,6
309,Filippo Axelby,faxelby8k@myspace.com,v734q6ka,Probolinggo,Perempuan,24,8
310,Vanya Wotherspoon,vwotherspoon8l@house.gov,09NcVfW9pY,Magelang,Laki-laki,55,2
311,Paolo Ferronet,pferronet8m@squarespace.com,hOanyu,Probolinggo,Perempuan,20,25
312,Naomi Kilvington,nkilvington8n@google.com.hk,2izfWkyW,Cirebon,Laki-laki,34,17
313,Billie Duxbarry,bduxbarry8o@bigcartel.com,thEMx0UKs,Madiun,Perempuan,33,9
314,Beryle Eplett,beplett8p@boston.com,bql9MxI,Surabaya,Laki-laki,26,15
315,Elwira Thurlow,ethurlow8q@arstechnica.com,87ArFLQ,Semarang,Laki-laki,23,13
316,Estell Renols,erenols8r@infoseek.co.jp,0vv3alj,Yogyakarta,Perempuan,62,25
317,Patrice Sadgrove,psadgrove8s@nationalgeographic.com,dZpTRMKqbP,Pasuruan,Perempuan,66,2
318,Carlita Sperrett,csperrett8t@ehow.com,uLAhTcrcdp67,Bandung,Laki-laki,35,18
319,Jule Steely,jsteely8u@bandcamp.com,s7FREtIWju8y,Pasuruan,Perempuan,66,16
320,Donnie Christophers,dchristophers8v@ox.ac.uk,6t42mt2k7,Malang,Perempuan,55,10
321,Lil Zamora,lzamora8w@discuz.net,4PU5t0s,Tangerang,Laki-laki,28,23
322,Devonne Kampshell,dkampshell8x@miitbeian.gov.cn,vCXh9DuMd,Magelang,Perempuan,57,17
323,Bess Duchart,bduchart8y@comcast.net,YylGkIMUJHJ,Cilacap,Laki-laki,22,3
324,Karolina Meynell,kmeynell8z@people.com.cn,IKx651wTcs,Yogyakarta,Laki-laki,61,10
325,Travis de Grey,tde90@xrea.com,SH7v0s6op36M,Solo,Laki-laki,40,22
326,Cord Egarr,cegarr91@deviantart.com,zCMGTkceu1,Purwokerto,Laki-laki,27,5
327,Case Keizman,ckeizman92@blogs.com,6YLekVVJ39u,Tegal,Laki-laki,37,18
328,Carmita Trimming,ctrimming93@toplist.cz,Z37uE4,Bogor,Laki-laki,62,5
329,Sayer Outridge,soutridge94@cyberchimps.com,RtN3Sy9fXv,Depok,Perempuan,32,7
330,Vanda Trittam,vtrittam95@pcworld.com,z3zqUe,Cilacap,Perempuan,61,1
331,Dulsea Dumelow,ddumelow96@php.net,EnzUvdKxU8h1,Cilacap,Perempuan,22,13
332,Addi Wildt,awildt97@newyorker.com,qbWy5SAUhJj0,Jakarta,Perempuan,61,15
333,Jenilee Rebert,jrebert98@opensource.org,xs4aA6Kj,Jakarta,Laki-laki,54,1
334,Halsey Soppit,hsoppit99@jalbum.net,2GwG1eLx,Yogyakarta,Perempuan,44,13
335,Ilario Shottin,ishottin9a@dmoz.org,8IrNbvj,Probolinggo,Perempuan,38,11
336,Torrie Balogun,tbalogun9b@comsenz.com,8pgTgHUnRXt,Madiun,Laki-laki,33,24
337,Dal Dunne,ddunne9c@homestead.com,XvMBsXE,Solo,Perempuan,37,24
338,Rubin McIlhagga,rmcilhagga9d@wordpress.com,88Z49k,Pekalongan,Laki-laki,27,5
339,Laurena Seedman,lseedman9e@tiny.cc,KYUo1W,Tangerang,Laki-laki,43,20
340,Carolan Wiz,cwiz9f@flickr.com,sy3PnjxoOu,Semarang,Perempuan,67,18
341,Sharl Pattrick,spattrick9g@purevolume.com,dBu9irNHKm,Probolinggo,Perempuan,69,4
342,Spike Witling,switling9h@unblog.fr,SDnezsnTOymP,Cilacap,Perempuan,31,7
343,Torr Slides,tslides9i@soup.io,sODzg3E,Tangerang,Perempuan,45,25
344,Michele Barry,mbarry9j@va.gov,ohPMHaqrq,Probolinggo,Laki-laki,67,21
345,Zed Eagar,zeagar9k@wikia.com,LusYZPA,Malang,Laki-laki,36,25
346,Karlen Dog,kdog9l@stumbleupon.com,4qxNcT,Malang,Perempuan,37,10
347,Emlynn Keaysell,ekeaysell9m@pcworld.com,Lw3mATWD,Probolinggo,Laki-laki,54,12
348,Edythe Hourstan,ehourstan9n@geocities.com,86TGwVXCq,Tangerang,Perempuan,51,23
349,Trenna Symcock,tsymcock9o@imdb.com,h9qPN2ms,Pasuruan,Perempuan,40,11
350,Kerwinn Eddolls,keddolls9p@loc.gov,yvZUYRV,Tangerang,Perempuan,25,23
351,Dall Maffia,dmaffia9q@answers.com,2NxCls5,Purwokerto,Perempuan,30,25
352,Grantley Matt,gmatt9r@biglobe.ne.jp,Q3CLej6AL,Cirebon,Laki-laki,65,9
353,Sammie Hazlegrove,shazlegrove9s@spotify.com,RMgpy8eo,Cilacap,Laki-laki,19,12
354,Alyosha Bletso,abletso9t@illinois.edu,E3Oe6i6vCH,Pasuruan,Laki-laki,42,8
355,Shayla Meriot,smeriot9u@indiatimes.com,VdJW2SwbFzC,Tegal,Perempuan,60,23
356,Christophe Shalliker,cshalliker9v@t-online.de,KXT3rpjb4Pv,Pasuruan,Perempuan,37,13
357,Rodge Decayette,rdecayette9w@pagesperso-orange.fr,x6nfaXIRvYzU,Tegal,Perempuan,51,21
358,Cordy Bloxland,cbloxland9x@alibaba.com,pSLmDQpLgM4,Bogor,Laki-laki,36,16
359,Bale Wickrath,bwickrath9y@opera.com,MxHKhk2,Probolinggo,Perempuan,49,11
360,Betteann Lamperd,blamperd9z@liveinternet.ru,jGXZ6o7dAjf,Tegal,Laki-laki,41,24
361,Philip Tremlett,ptremletta0@posterous.com,Sm2Sd3r0lImT,Malang,Perempuan,31,3
362,Brannon Haycock,bhaycocka1@mediafire.com,36ZNgLz,Magelang,Perempuan,66,6
363,Thayne Calan,tcalana2@hp.com,nc9d3oR,Madiun,Perempuan,32,17
364,Linet Allpress,lallpressa3@scientificamerican.com,rws6loWwE,Pasuruan,Laki-laki,35,8
365,Lulita Tomley,ltomleya4@smugmug.com,AeBvAP,Surabaya,Perempuan,54,3
366,Alyson McGucken,amcguckena5@over-blog.com,XGmgziBVSWg,Probolinggo,Laki-laki,58,9
367,Val Lazarus,vlazarusa6@jiathis.com,ai7aCM,Pasuruan,Laki-laki,27,19
368,Eldridge Skarr,eskarra7@arizona.edu,8pRdmcNeK,Malang,Laki-laki,39,8
369,Lilith Grazier,lgraziera8@jimdo.com,oZhekPebBARA,Malang,Perempuan,17,6
370,Wernher Keson,wkesona9@istockphoto.com,5TPN9gXK,Pasuruan,Perempuan,21,21
371,Sidonnie Pridden,spriddenaa@opensource.org,Aq6LisxeY7kC,Malang,Perempuan,49,24
372,Madelina Bozward,mbozwardab@army.mil,PxxmLk,Surabaya,Perempuan,70,2
373,Sandy Tunuy,stunuyac@intel.com,6eqQ09f0M1,Magelang,Laki-laki,43,13
374,Horacio Hinchon,hhinchonad@altervista.org,gE96Ebn6,Depok,Laki-laki,19,12
375,Mariellen Salan,msalanae@google.co.uk,JhYIsmX59O,Semarang,Laki-laki,37,20
376,Lazar McLean,lmcleanaf@java.com,8XtCagOaC3,Tegal,Laki-laki,52,6
377,Ellene Garrood,egarroodag@hugedomains.com,knwnQC,Tangerang,Laki-laki,67,18
378,Mirna Raymond,mraymondah@1und1.de,KzZnWKKN,Magelang,Perempuan,18,20
379,Bibi Nuzzti,bnuzztiai@comsenz.com,G369Dn,Malang,Laki-laki,66,19
380,Wit Willeson,wwillesonaj@reference.com,OwiscNGfa,Cirebon,Laki-laki,52,14
381,Turner Zumbusch,tzumbuschak@cnbc.com,g0bHGo9Y64,Depok,Laki-laki,56,23
382,Shalne Faircley,sfaircleyal@adobe.com,hXXg8TYIP,Probolinggo,Perempuan,36,15
383,Ardine Huband,ahubandam@wikispaces.com,fgAYSr2fKj,Pasuruan,Perempuan,49,8
384,Kris Aughton,kaughtonan@intel.com,M3JusIn,Depok,Perempuan,44,24
385,Jenilee Jent,jjentao@com.com,g6huovkgwQS,Pasuruan,Laki-laki,61,9
386,Vachel Guile,vguileap@tmall.com,xxDuyG,Pekalongan,Laki-laki,59,5
387,Dayle Frunks,dfrunksaq@oakley.com,s60sa5fyu,Jakarta,Perempuan,32,23
388,Odie Climpson,oclimpsonar@paginegialle.it,ssdgwm0zTxrS,Jakarta,Perempuan,54,4
389,Estrellita Paddick,epaddickas@wiley.com,sFXfM37,Cirebon,Perempuan,27,18
390,Ashley Ragat,aragatat@tmall.com,GqLxuWIf,Cirebon,Perempuan,59,20
391,Sara-ann Pllu,splluau@feedburner.com,B642QOul2,Madiun,Perempuan,53,6
392,Rodolfo Heyburn,rheyburnav@taobao.com,vV2V46XkVQ7,Madiun,Laki-laki,28,14
393,Flossie Duke,fdukeaw@google.it,w6g02l,Tegal,Perempuan,33,9
394,Joella Alderson,jaldersonax@about.com,ezDY46,Tangerang,Laki-laki,43,23
395,Kermy Robertacci,krobertacciay@about.com,6KNicPNQAd,Malang,Laki-laki,64,9
396,Jarret Greyes,jgreyesaz@hostgator.com,kAo2pP,Semarang,Perempuan,42,2
397,Ingeberg Collings,icollingsb0@tuttocitta.it,paeJtaZB9lLY,Pekalongan,Laki-laki,20,8
398,Crin Wedgwood,cwedgwoodb1@blogtalkradio.com,ifPykl4Y1N2,Bandung,Laki-laki,43,16
399,Nickolas Hubbock,nhubbockb2@flickr.com,ZaxKT5AmP,Cilacap,Laki-laki,17,19
400,Valida Woolmington,vwoolmingtonb3@123-reg.co.uk,MFFy6GY4N,Tegal,Laki-laki,30,23
401,Mirna Fransman,mfransmanb4@g.co,WaWKENBjU1,Tangerang,Laki-laki,52,10
402,Franni Philimore,fphilimoreb5@smh.com.au,saLzO22WF,Semarang,Laki-laki,51,8
403,Jamil Morrow,jmorrowb6@google.fr,7TnxIUky65,Depok,Perempuan,53,16
404,Inge Avis,iavisb7@amazon.de,PcDSoWQYuj,Madiun,Perempuan,25,5
405,Ellynn Schoolfield,eschoolfieldb8@wikimedia.org,ge3X76JlSY,Tegal,Laki-laki,47,17
406,Rees Wycliff,rwycliffb9@wordpress.com,E5AnKl0,Pasuruan,Laki-laki,40,21
407,Junia Towers,jtowersba@ucoz.ru,c9f3tjL6nGt,Yogyakarta,Laki-laki,54,5
408,Carlita Klyner,cklynerbb@netlog.com,QQe2qqC9,Surabaya,Perempuan,44,6
409,Laural Godrich,lgodrichbc@scribd.com,RafvLFV,Jakarta,Perempuan,48,3
410,Cindra Lamming,clammingbd@storify.com,KcLeOrHf,Bekasi,Laki-laki,59,3
411,Fern O'Caherny,focahernybe@nifty.com,CL5ErxaMwq,Depok,Laki-laki,22,9
412,Josie Soreau,jsoreaubf@tuttocitta.it,kyZUXudaoP0,Bandung,Perempuan,66,2
413,Paddy Brouwer,pbrouwerbg@tripod.com,n92TkxsMeN,Magelang,Perempuan,58,4
414,Crystal Dyball,cdyballbh@techcrunch.com,Ed3rouDrWtc,Bekasi,Perempuan,22,18
415,Kingston Ciccerale,kcicceralebi@china.com.cn,Vz2Uk0808,Solo,Laki-laki,21,5
416,Jayne Mephan,jmephanbj@china.com.cn,aK5Zlu,Yogyakarta,Laki-laki,48,9
417,Ricki Cerie,rceriebk@ifeng.com,l99oCHZ,Pasuruan,Laki-laki,58,20
418,Brandi Birt,bbirtbl@netscape.com,BJM84Mqs,Depok,Perempuan,48,3
419,Marne McKinlay,mmckinlaybm@flickr.com,08G8uJPg4mf,Bogor,Laki-laki,70,17
420,Wendye McLanaghan,wmclanaghanbn@slate.com,HNcNZHbiyZJ,Cirebon,Perempuan,51,25
421,Auberta Swanger,aswangerbo@indiatimes.com,Bw0uB6jFPh,Solo,Laki-laki,20,15
422,Marlo Tackley,mtackleybp@engadget.com,EBNrdj,Depok,Laki-laki,35,25
423,Minda Simioni,msimionibq@newsvine.com,RZPRyONqJ,Pekalongan,Perempuan,66,18
424,Kennett Lambert,klambertbr@microsoft.com,8ZF8PMxl,Depok,Perempuan,22,24
425,Ripley Collop,rcollopbs@indiegogo.com,j2SDH8VBO,Cirebon,Perempuan,15,10
426,Ugo Sweynson,usweynsonbt@fastcompany.com,5tJcJv8h,Surabaya,Laki-laki,45,3
427,Idalia Chaize,ichaizebu@dion.ne.jp,7JXxyU,Tangerang,Laki-laki,24,25
428,Wren Bonner,wbonnerbv@ameblo.jp,SD0Avn,Tangerang,Laki-laki,33,5
429,Correy Burleigh,cburleighbw@ox.ac.uk,o6V7hnIOx,Surabaya,Laki-laki,37,10
430,Misha Renish,mrenishbx@washington.edu,EcEGJe,Madiun,Perempuan,51,10
431,Wilbur Ambroix,wambroixby@netscape.com,1cG46KxkZ,Yogyakarta,Perempuan,47,25
432,Hillard MacCaig,hmaccaigbz@abc.net.au,56kDS90tnXnH,Pekalongan,Perempuan,24,21
433,Jannelle Satch,jsatchc0@usa.gov,Z01en3zag,Pekalongan,Laki-laki,53,8
434,Alaine McCall,amccallc1@latimes.com,HNWLVW5Ihftb,Bogor,Perempuan,54,4
435,Hasheem Moynihan,hmoynihanc2@list-manage.com,R7y1Arl8,Cilacap,Perempuan,25,13
436,Rivy Fawbert,rfawbertc3@bravesites.com,Egp9Jfge,Purwokerto,Perempuan,40,19
437,Angeline Heinz,aheinzc4@mayoclinic.com,4zS0S4WbEIVi,Jakarta,Perempuan,42,22
438,Rozelle Lambie,rlambiec5@uiuc.edu,7yPUcVA,Bandung,Perempuan,32,6
439,Elisabeth Dinan,edinanc6@mapquest.com,xeqH7A,Malang,Laki-laki,23,18
440,Kendricks Dabes,kdabesc7@usnews.com,s3idPTaEU,Madiun,Perempuan,45,25
441,Hermann Blunt,hbluntc8@guardian.co.uk,hIue02n,Bekasi,Perempuan,37,23
442,Max Limrick,mlimrickc9@ucsd.edu,9Z5RnH2KUNgA,Cirebon,Perempuan,23,1
443,Joseito Jorin,jjorinca@hc360.com,gvdQGsh8VS,Pasuruan,Laki-laki,62,5
444,Nels Gidney,ngidneycb@berkeley.edu,hkgOHeQAVv2,Madiun,Perempuan,52,22
445,Daniel Kilshaw,dkilshawcc@nymag.com,XkY3LtuI,Depok,Perempuan,15,25
446,Burlie Allatt,ballattcd@blinklist.com,sPh2K3xn9312,Pasuruan,Perempuan,21,11
447,Sunny Francino,sfrancinoce@liveinternet.ru,9sSYe4wihM2m,Depok,Laki-laki,55,20
448,Dian Singleton,dsingletoncf@accuweather.com,vaFc7S358KR,Malang,Laki-laki,46,20
449,Harriette Dixcey,hdixceycg@icq.com,MZzlI2Or2nUJ,Tegal,Laki-laki,48,18
450,Em Enrique,eenriquech@tamu.edu,SHdxrQ4,Surabaya,Laki-laki,25,3
451,Harmonia Skim,hskimci@google.ru,SYbaBWr,Cilacap,Laki-laki,55,8
452,Lars Daniell,ldaniellcj@ucoz.com,6QqyaQF,Pekalongan,Perempuan,62,2
453,Stephani Konneke,skonnekeck@stumbleupon.com,pRdxXlbrDoOn,Probolinggo,Perempuan,63,9
454,Flem Tibald,ftibaldcl@cbc.ca,DSYgjDjiC,Jakarta,Perempuan,24,20
455,Ingelbert Duham,iduhamcm@blog.com,fsf1pAQBXqh,Tegal,Laki-laki,41,14
456,Axel Borg,aborgcn@cnet.com,Ld3Voo1ufJ35,Bogor,Laki-laki,63,6
457,Rosetta Friedlos,rfriedlosco@desdev.cn,Kw2QHkUV,Tangerang,Laki-laki,63,20
458,Linzy Aslott,laslottcp@bloglovin.com,cEWrcDP25Bw5,Tegal,Laki-laki,43,9
459,Katherina Ogelbe,kogelbecq@usnews.com,TJ3QdR,Pasuruan,Perempuan,47,11
460,Maris Gambles,mgamblescr@archive.org,P0wd7bEDWWJf,Pekalongan,Perempuan,42,5
461,Ernst Lorant,elorantcs@nbcnews.com,ijNn5To2Vx,Tegal,Laki-laki,58,8
462,Adara Sextie,asextiect@pcworld.com,lI0BMX,Yogyakarta,Laki-laki,57,16
463,Keelby Knapman,kknapmancu@unblog.fr,VFBYxi5dz,Jakarta,Perempuan,21,6
464,Emlynne Thelwll,ethelwllcv@bandcamp.com,9FQRVy,Pekalongan,Laki-laki,62,6
465,Barny Gurnett,bgurnettcw@amazon.de,DLJkYDJVtWm,Jakarta,Laki-laki,29,24
466,Aubrey Reyes,areyescx@npr.org,dkiXn6GGs3,Tegal,Perempuan,24,10
467,Vic Trouel,vtrouelcy@cbc.ca,kPhfdBkS5FP,Bogor,Perempuan,69,12
468,Harland Grindlay,hgrindlaycz@etsy.com,vd1sOBD2,Cirebon,Laki-laki,43,18
469,Liva Gotcher,lgotcherd0@elpais.com,i6ddH3,Bekasi,Laki-laki,42,1
470,Kassey Neylan,kneyland1@illinois.edu,oBQIYdCOI,Bogor,Laki-laki,33,4
471,Flynn Havenhand,fhavenhandd2@omniture.com,QPTQiYXi,Tangerang,Laki-laki,60,20
472,Tarrah Blasl,tblasld3@mapquest.com,d9dLA0m4Uv,Cilacap,Laki-laki,23,19
473,Florina Yesenev,fyesenevd4@godaddy.com,lsvhCkXEfbz,Bekasi,Perempuan,28,8
474,Aggy Feldberger,afeldbergerd5@ibm.com,8teaYKAoIUGB,Pekalongan,Perempuan,28,4
475,Yorke Thomas,ythomasd6@pinterest.com,XOJZVzJ,Cirebon,Laki-laki,42,3
476,Raymund Blasik,rblasikd7@vimeo.com,W0xPam3avDf,Cirebon,Perempuan,47,18
477,Marillin White,mwhited8@multiply.com,P65QO4C,Cirebon,Laki-laki,68,3
478,Homerus Gritskov,hgritskovd9@dion.ne.jp,8gQvIl,Magelang,Laki-laki,64,7
479,Alasteir Jubb,ajubbda@dmoz.org,BsEnxG,Jakarta,Laki-laki,27,23
480,Jeffie Largent,jlargentdb@feedburner.com,gmH7Jb,Bogor,Perempuan,16,25
481,Linn McKeurton,lmckeurtondc@arstechnica.com,EEAOAhkEat,Semarang,Perempuan,55,18
482,Kath Midghall,kmidghalldd@furl.net,yvmwmp2,Bekasi,Laki-laki,61,10
483,Alexandro Gioani,agioanide@hc360.com,X4kvFCl87EV,Bekasi,Laki-laki,59,15
484,Read Bridgeman,rbridgemandf@china.com.cn,aLgIYRDe,Tangerang,Laki-laki,25,4
485,Mara Oliff,moliffdg@google.ca,uh8AlTAa,Bogor,Laki-laki,21,9
486,Virginie Charpling,vcharplingdh@apple.com,WtcAnI4KSq,Malang,Perempuan,47,18
487,Stephan Eggers,seggersdi@people.com.cn,4fyP0xmc0cRE,Surabaya,Laki-laki,56,13
488,Silva Stealey,sstealeydj@webmd.com,72Dx3VmWmlh,Pekalongan,Laki-laki,22,11
489,Chicky Rudderham,crudderhamdk@symantec.com,PjQaNM5pp,Bekasi,Laki-laki,25,3
490,Tate Sadgrove,tsadgrovedl@bluehost.com,xkN7qR7zh4,Tangerang,Perempuan,25,13
491,Rasla Glaum,rglaumdm@ask.com,0fx6amFUHwk,Tegal,Laki-laki,44,1
492,Bethena McLukie,bmclukiedn@oaic.gov.au,lRVG1T,Solo,Laki-laki,58,18
493,Simona Kennham,skennhamdo@last.fm,sdDfF1,Probolinggo,Laki-laki,68,2
494,Sullivan McAuslene,smcauslenedp@ycombinator.com,GrR7aJOQh,Cilacap,Laki-laki,31,16
495,Kori Brightie,kbrightiedq@intel.com,EndCM8ulZCJ7,Bekasi,Laki-laki,34,4
496,Wilden Caughan,wcaughandr@blogs.com,eqHQqXoS,Depok,Perempuan,39,8
497,Elaina Pafford,epaffordds@live.com,AiUxb7y0,Yogyakarta,Laki-laki,53,20
498,Ginger Wedon,gwedondt@zdnet.com,F2TYOR,Pasuruan,Laki-laki,29,19
499,Dulcie Blockwell,dblockwelldu@washingtonpost.com,ij82cU6m2R,Jakarta,Perempuan,39,24
500,Teddy Quernel,tquerneldv@quantcast.com,Udmw9AB9ul3,Bogor,Perempuan,32,18
501,Hamil Radish,hradishdw@ocn.ne.jp,OvdUNwh9N,Cirebon,Perempuan,70,9
502,Fabian Layne,flaynedx@bbc.co.uk,61ESyF,Semarang,Laki-laki,48,4
503,Brier Widger,bwidgerdy@1und1.de,MYzqk2uXYEv,Magelang,Laki-laki,20,4
504,Evvy Somerville,esomervilledz@umn.edu,Io9kjV6mUFq,Depok,Perempuan,65,6
505,Linette O'Kelly,lokellye0@sakura.ne.jp,CiF02pxXOcp3,Tangerang,Laki-laki,48,17
506,Jarrett Muschette,jmuschettee1@goo.ne.jp,nrz0fffLl0,Pasuruan,Perempuan,64,11
507,Oliviero Emberton,oembertone2@dailymotion.com,O9Ndqef57,Pasuruan,Perempuan,31,18
508,Agata Dye,adyee3@ucsd.edu,XVekPq,Depok,Perempuan,55,10
509,Pansy de Vaen,pdee4@twitter.com,T2iDoi,Depok,Perempuan,63,24
510,Davis Gilhooley,dgilhooleye5@1688.com,ZBIYamOJv,Semarang,Laki-laki,35,18
511,Sauveur Awty,sawtye6@hhs.gov,koPLBjvF5,Magelang,Laki-laki,50,10
512,Abraham Karpets,akarpetse7@europa.eu,N20vw3MIU,Madiun,Perempuan,34,16
513,Marla Larmor,mlarmore8@sphinn.com,N4R445D,Semarang,Laki-laki,61,24
514,Alaric Rubenczyk,arubenczyke9@wp.com,j6cc8zP4n0,Depok,Perempuan,49,16
515,Rana Walicki,rwalickiea@usnews.com,RZMcpydvR,Solo,Laki-laki,52,6
516,Marve O' Ronan,moeb@wix.com,KtiMRG,Surabaya,Laki-laki,55,21
517,Phil Pannaman,ppannamanec@opensource.org,sJKdLe,Semarang,Laki-laki,58,19
518,Lyndy Lanyon,llanyoned@purevolume.com,8WXvXjdG0Ru9,Depok,Perempuan,24,18
519,Billy Abry,babryee@list-manage.com,senZuE3c,Cirebon,Perempuan,41,9
520,Phillipe Averies,paveriesef@parallels.com,Tjn8Cu,Surabaya,Perempuan,65,25
521,Siouxie Dearl,sdearleg@parallels.com,gtsIXtLZcnn,Bandung,Laki-laki,51,12
522,Penelopa Wyett,pwyetteh@nifty.com,N0toMc3iWvl,Magelang,Laki-laki,29,14
523,Lennie Fullard,lfullardei@unblog.fr,mh1dTjd3w,Malang,Laki-laki,68,7
524,Auria Gerdes,agerdesej@delicious.com,KGVU5M3aBq,Purwokerto,Perempuan,50,8
525,Stillmann Mayer,smayerek@reference.com,ZHYWXDUU,Solo,Laki-laki,51,2
526,Franny Dukelow,fdukelowel@moonfruit.com,oYdXDANal749,Malang,Perempuan,63,24
527,Khalil Bouttell,kbouttellem@bigcartel.com,MoZwxFvnZA,Probolinggo,Laki-laki,51,22
528,Zandra Moralee,zmoraleeen@rakuten.co.jp,WpzFYY29l,Pekalongan,Perempuan,28,15
529,Augie Delucia,adeluciaeo@nyu.edu,euC7dO0,Cilacap,Laki-laki,20,25
530,Sonia Razzell,srazzellep@g.co,9hKNrgqsoML,Purwokerto,Laki-laki,43,25
531,Gordie Gott,ggotteq@1und1.de,kz1Iza3hWk,Madiun,Laki-laki,53,2
532,Beverlie Fowlie,bfowlieer@ucoz.com,lXnNZw,Cilacap,Laki-laki,31,12
533,Con Boutwell,cboutwelles@newsvine.com,Vdwa2B,Malang,Laki-laki,65,13
534,Huntington Winn,hwinnet@deliciousdays.com,yAK26OanMh,Jakarta,Laki-laki,48,21
535,Alfonse Triggs,atriggseu@sina.com.cn,nr3ZVy6FT,Pasuruan,Perempuan,65,24
536,Merry Boynton,mboyntonev@goodreads.com,GoRrXMZ4UFi5,Surabaya,Laki-laki,63,4
537,Kali Croley,kcroleyew@miitbeian.gov.cn,Fr3pxOSGLR,Pekalongan,Laki-laki,64,5
538,Law Lanfranchi,llanfranchiex@wikimedia.org,Nze8TB,Cilacap,Laki-laki,64,7
539,Marcos Greenside,mgreensideey@guardian.co.uk,r3nzWPj6,Probolinggo,Laki-laki,16,18
540,Maryann Voase,mvoaseez@hao123.com,rkud62mvb,Surabaya,Perempuan,15,3
541,Toby Hankard,thankardf0@washington.edu,0P289vbVx4,Yogyakarta,Laki-laki,67,2
542,Sallee Gostyke,sgostykef1@guardian.co.uk,CRKxRUBuD,Tegal,Perempuan,69,24
543,Marketa Greatreax,mgreatreaxf2@springer.com,GVUlMPoH8l,Tegal,Perempuan,62,14
544,Marty Boullin,mboullinf3@nasa.gov,KhWrU6r6FC,Bogor,Perempuan,23,3
545,Mickie Crann,mcrannf4@opensource.org,tN1Q9ZKJ,Jakarta,Perempuan,18,1
546,Sherry Laudham,slaudhamf5@netscape.com,QbkJnZW,Tangerang,Laki-laki,22,23
547,Bobby Mannagh,bmannaghf6@wunderground.com,5lcmTU3,Pekalongan,Laki-laki,55,25
548,Myrvyn Sturdgess,msturdgessf7@myspace.com,vAyDtje,Probolinggo,Perempuan,63,14
549,Easter Abdy,eabdyf8@cdc.gov,sU7AXnn,Yogyakarta,Perempuan,22,17
550,Suzy Pendrick,spendrickf9@4shared.com,rE5txAkp,Madiun,Laki-laki,66,18
551,Jennette Gotfrey,jgotfreyfa@gov.uk,NnTQSdg2I6,Pasuruan,Perempuan,69,2
552,Camella Dunseath,cdunseathfb@spiegel.de,6PVdpo6oU,Cilacap,Laki-laki,39,2
553,Riley Nation,rnationfc@ifeng.com,fmRmcoBq,Bogor,Laki-laki,62,20
554,Valencia Bouskill,vbouskillfd@imageshack.us,892DuApPTvA,Cirebon,Perempuan,66,25
555,Fionna Rate,fratefe@cdc.gov,lFvLTfo3r9U3,Semarang,Laki-laki,57,1
556,Gaven Karolczyk,gkarolczykff@alibaba.com,sjuxItEkK,Depok,Perempuan,24,10
557,Griffy Penvarden,gpenvardenfg@slideshare.net,6OglSel5,Surabaya,Perempuan,59,23
558,Paxon Perez,pperezfh@nymag.com,aiRAAhXOb5fd,Cilacap,Laki-laki,27,23
559,Wilton Clinning,wclinningfi@usatoday.com,cYLHFjK9UyE,Bekasi,Laki-laki,56,15
560,Aili Tearney,atearneyfj@fda.gov,RCz6V5u,Yogyakarta,Laki-laki,44,4
561,Maynord Learoyde,mlearoydefk@linkedin.com,gUFBE7l,Malang,Perempuan,23,16
562,Englebert Howood,ehowoodfl@cisco.com,3ecdYe2WPFfx,Tegal,Perempuan,21,2
563,Gerome Curtois,gcurtoisfm@hao123.com,OHVwqwfpSK,Probolinggo,Perempuan,59,18
564,Gilbertine Kosel,gkoselfn@sourceforge.net,6SqgLXPcwy,Pekalongan,Laki-laki,59,9
565,Katy Lebbon,klebbonfo@sitemeter.com,SwBo7bVRHs4v,Probolinggo,Perempuan,49,8
566,Nita Smead,nsmeadfp@foxnews.com,k6DKfJq5q,Jakarta,Perempuan,48,20
567,Elise Carnalan,ecarnalanfq@tiny.cc,RCWblcC,Pasuruan,Perempuan,15,5
568,Tore Mulryan,tmulryanfr@w3.org,ELtCsRG1oUq,Purwokerto,Laki-laki,70,18
569,Dukey Gorriessen,dgorriessenfs@icq.com,43Qnj7Uf,Depok,Laki-laki,33,21
570,Kristopher Toomer,ktoomerft@shareasale.com,oROy4ts1,Probolinggo,Perempuan,45,22
571,Grace De Cleyne,gdefu@comcast.net,kmWt3AP,Tegal,Laki-laki,61,21
572,Hamnet Snowdon,hsnowdonfv@sun.com,qgUijz,Depok,Perempuan,48,8
573,Nedi MacGray,nmacgrayfw@google.cn,abCHvY,Tangerang,Laki-laki,44,19
574,Tabatha Belchamp,tbelchampfx@domainmarket.com,YMFB0ufHz3i,Madiun,Perempuan,24,11
575,Beatriz Clemente,bclementefy@twitpic.com,WglsF6,Solo,Perempuan,20,22
576,Hunt Grew,hgrewfz@typepad.com,fyYbo6,Semarang,Perempuan,48,7
577,Stillman Kornalik,skornalikg0@hibu.com,4lhMHYSjWV,Semarang,Perempuan,61,4
578,Latrena Franey,lfraneyg1@instagram.com,eTaSM7Qzv,Magelang,Laki-laki,47,14
579,Jess McCay,jmccayg2@illinois.edu,yNfl5Ez7,Depok,Perempuan,70,4
580,Gaile Gabbetis,ggabbetisg3@japanpost.jp,y1H129Gd,Bekasi,Laki-laki,47,20
581,Kareem Extill,kextillg4@hugedomains.com,4UtckkDvxdHs,Tangerang,Laki-laki,31,7
582,Olenolin Slegg,osleggg5@webnode.com,bTthHwrZ,Madiun,Perempuan,37,24
583,Elia Erangey,eerangeyg6@tripod.com,OAlE6C,Probolinggo,Laki-laki,21,8
584,Daphene Tillett,dtillettg7@discovery.com,eb00zr,Pasuruan,Perempuan,44,12
585,Edouard Lidstone,elidstoneg8@tripadvisor.com,FnewTX0qSM9,Tegal,Perempuan,19,24
586,Sasha Awton,sawtong9@soundcloud.com,3YiiAQqB9q,Madiun,Perempuan,24,16
587,Travis Worden,twordenga@hp.com,hJxJdSPfR,Tangerang,Perempuan,26,25
588,Almire Wyldish,awyldishgb@princeton.edu,jskAeMG,Magelang,Perempuan,39,18
589,Amos Martinet,amartinetgc@geocities.jp,vvxWSwRL,Probolinggo,Perempuan,56,15
590,Pembroke Hylton,phyltongd@alibaba.com,8ajqxb4jIbHM,Magelang,Laki-laki,57,2
591,Rosalinda Hafford,rhaffordge@a8.net,3JlPV927M,Cirebon,Perempuan,42,24
592,Jacynth Roads,jroadsgf@sitemeter.com,wKTBfIEoo,Surabaya,Perempuan,67,13
593,Humphrey Huckstepp,hhucksteppgg@businessinsider.com,NhIu07Tu,Magelang,Laki-laki,18,23
594,King Gillise,kgillisegh@chron.com,PGSukUVxHd,Cirebon,Perempuan,69,7
595,Nan Egginton,neggintongi@comsenz.com,Yw06UeLJL,Magelang,Perempuan,63,12
596,Gherardo Currao,gcurraogj@shutterfly.com,SCD7UhYb,Yogyakarta,Perempuan,49,19
597,Anny Swadon,aswadongk@bluehost.com,VFL4gEVKm02,Pasuruan,Perempuan,28,10
598,Aarika Surby,asurbygl@census.gov,Ux1OcRxhnxy,Malang,Perempuan,26,10
599,Marnie Leynham,mleynhamgm@blogger.com,PGE00ag,Tegal,Perempuan,48,8
600,Cortney Steggals,csteggalsgn@reverbnation.com,rk2LcMj,Bogor,Perempuan,27,1
601,Ardelle Pochon,apochongo@theguardian.com,41J4KrE,Purwokerto,Perempuan,45,5
602,Caria Revie,creviegp@t.co,eqDKRWMF,Cirebon,Perempuan,37,18
603,Thoma de Wilde,tdegq@bbb.org,9myt1phq6,Malang,Laki-laki,62,13
604,Briano Tadman,btadmangr@amazon.co.jp,jAOJyYxF1,Depok,Perempuan,21,17
605,Zaria De Antoni,zdegs@last.fm,zywCj1kx,Bekasi,Laki-laki,58,10
606,Arte Lohmeyer,alohmeyergt@tamu.edu,f9aQODchq,Jakarta,Laki-laki,28,11
607,Saunder Tettley,stettleygu@mayoclinic.com,xJ83QLf7PRo8,Bekasi,Perempuan,19,10
608,Dorri Jewitt,djewittgv@istockphoto.com,bNF2h0c,Bogor,Laki-laki,52,9
609,Olav Firpo,ofirpogw@unc.edu,KA6eFxK,Jakarta,Laki-laki,68,5
610,Shanon Paladino,spaladinogx@fda.gov,THafLgD45z3,Magelang,Laki-laki,59,10
611,Giralda Millsap,gmillsapgy@cyberchimps.com,v0NLR70Qj4Aw,Pekalongan,Perempuan,25,19
612,Carlos Poland,cpolandgz@wufoo.com,Mm2cyweh,Tegal,Perempuan,22,1
613,Elias Goldsby,egoldsbyh0@miitbeian.gov.cn,ia5O61OCeG,Bogor,Laki-laki,50,2
614,Minetta Speed,mspeedh1@squidoo.com,fLWlAlL7p,Solo,Laki-laki,54,12
615,Jud Camock,jcamockh2@chicagotribune.com,29GnCnka,Cilacap,Laki-laki,23,13
616,Heda Venour,hvenourh3@icio.us,WrdUUG0s0CQx,Malang,Perempuan,52,18
617,Ode Iston,oistonh4@samsung.com,PqBE1p,Semarang,Perempuan,31,24
618,Titus Toretta,ttorettah5@eepurl.com,ZsM2pK,Jakarta,Laki-laki,62,20
619,Nalani McClymont,nmcclymonth6@cornell.edu,DntUOlWjs,Pekalongan,Perempuan,59,6
620,Mac Dresser,mdresserh7@cbc.ca,sAJRsS45MzEY,Cirebon,Perempuan,54,2
621,Beverly Twinbrow,btwinbrowh8@wikia.com,JPF0dLO,Bandung,Perempuan,61,17
622,Logan Valerio,lvalerioh9@godaddy.com,kjvEmv9F5,Tegal,Perempuan,56,11
623,Ruprecht Flatman,rflatmanha@nih.gov,fGxI7gbHcj8,Pasuruan,Laki-laki,19,11
624,Osmund Howbrook,ohowbrookhb@blog.com,ZkeBrutoe0T,Tangerang,Laki-laki,66,16
625,Frannie O'Halloran,fohalloranhc@bigcartel.com,tn2XdeM9Bt,Surabaya,Laki-laki,29,7
626,Shanta Balmer,sbalmerhd@japanpost.jp,9eLcgNCV,Cilacap,Perempuan,64,12
627,Clayborn Melly,cmellyhe@cmu.edu,8TzyFcY2,Solo,Perempuan,22,4
628,Sula Purrington,spurringtonhf@creativecommons.org,bmEDkaWoa1,Semarang,Perempuan,41,9
629,Thorn Larmuth,tlarmuthhg@t.co,40EW9AC0lyWq,Magelang,Laki-laki,68,25
630,Jasmine Penny,jpennyhh@themeforest.net,EcFeiwaH17jH,Magelang,Laki-laki,40,8
631,Woodie Groll,wgrollhi@indiatimes.com,LNybgckGR,Bandung,Laki-laki,36,14
632,Brien Durie,bduriehj@cbc.ca,Xp1cmTb,Madiun,Laki-laki,15,2
633,Seth Ricci,sriccihk@google.co.uk,ehqsMyii,Cirebon,Laki-laki,64,13
634,Lorrayne Kelemen,lkelemenhl@whitehouse.gov,6fF61iBK,Purwokerto,Laki-laki,61,15
635,Sherm Middleton,smiddletonhm@tamu.edu,3jF8OYtu4we,Magelang,Perempuan,58,19
636,Lanna Yakunchikov,lyakunchikovhn@cafepress.com,KAGgxC3Wo,Malang,Laki-laki,27,20
637,Chickie Guppie,cguppieho@gmpg.org,4IiCWVOgLr,Solo,Perempuan,19,7
638,Isidro Skain,iskainhp@techcrunch.com,hqS7Jr,Tegal,Laki-laki,36,23
639,Marnie Lauchlan,mlauchlanhq@marketwatch.com,LrO4EucjdYsN,Purwokerto,Laki-laki,69,7
640,Linoel Kloster,lklosterhr@ycombinator.com,WmmKeJOWnv,Pasuruan,Laki-laki,44,6
641,Carlo Robet,crobeths@hexun.com,cZA4LhT0YO,Magelang,Laki-laki,16,24
642,Nickie Vase,nvaseht@arstechnica.com,tJu11NHCi,Magelang,Laki-laki,17,5
643,Maureene Fetherstone,mfetherstonehu@sciencedirect.com,YxfM1Ut,Surabaya,Perempuan,30,15
644,Ardyth Bastian,abastianhv@hostgator.com,Uiza3nIXvn,Tegal,Laki-laki,22,1
645,Adore Bouch,abouchhw@google.com.br,mTptsCKpV80,Pasuruan,Perempuan,61,10
646,Dud Hubner,dhubnerhx@nsw.gov.au,dx1iYamscJut,Tangerang,Laki-laki,39,1
647,Alano Oddboy,aoddboyhy@biglobe.ne.jp,pUR4Bq6U9,Yogyakarta,Laki-laki,37,18
648,Carlie Kliner,cklinerhz@cam.ac.uk,IWYLgM,Semarang,Perempuan,52,22
649,Giacinta Stening,gsteningi0@nbcnews.com,rqDQh0,Pekalongan,Perempuan,61,12
650,Tamqrah Hoyle,thoylei1@e-recht24.de,fjfML1MP,Malang,Laki-laki,62,14
651,Philly Sherred,psherredi2@virginia.edu,PRykeKAwfsU,Probolinggo,Perempuan,21,22
652,Mala Keeling,mkeelingi3@vistaprint.com,8nHuRR6u,Depok,Perempuan,59,8
653,Chicky Wasteney,cwasteneyi4@etsy.com,foNzFb9hA2,Probolinggo,Perempuan,61,12
654,Tresa Loveland,tlovelandi5@histats.com,kvvOgQqsxA,Semarang,Laki-laki,22,12
655,Nerty Haquard,nhaquardi6@wiley.com,F6lx7FFWYY,Tegal,Laki-laki,26,4
656,Mahmud Valek,mvaleki7@omniture.com,WUwkziKuJ8,Tegal,Perempuan,28,15
657,Tabbatha Reitenbach,treitenbachi8@intel.com,1qinq3uVvN5s,Magelang,Perempuan,19,23
658,Son Rigney,srigneyi9@people.com.cn,xevI7zPFCq,Cirebon,Perempuan,15,6
659,Jennette Kupker,jkupkeria@wiley.com,GjT4k3UMS7I,Cilacap,Perempuan,24,1
660,Ilaire O'Curran,iocurranib@chronoengine.com,PpiNofny,Probolinggo,Laki-laki,41,2
661,Jennette Nozzolii,jnozzoliiic@prweb.com,wzn1LNJm,Cilacap,Laki-laki,55,15
662,Dorian Murfill,dmurfillid@qq.com,l54pevt89fM,Purwokerto,Laki-laki,19,7
663,Jeth Morstatt,jmorstattie@salon.com,tXCa6NkzFPFz,Purwokerto,Laki-laki,41,23
664,Orbadiah Bernardo,obernardoif@deviantart.com,S2o79TaI,Probolinggo,Laki-laki,68,12
665,Ilise Jachimiak,ijachimiakig@artisteer.com,khPBQo,Purwokerto,Laki-laki,19,6
666,Winthrop Necrews,wnecrewsih@cnet.com,4zBZNee6Tbze,Magelang,Laki-laki,25,14
667,Margaux Lamble,mlambleii@bloglines.com,MqVMUq4,Bogor,Perempuan,22,12
668,Wayland Cooney,wcooneyij@accuweather.com,W0OgMgTWe,Cilacap,Laki-laki,27,2
669,Toddie Rignold,trignoldik@amazonaws.com,LH5XB80p,Malang,Laki-laki,70,4
670,Cammie Januszewicz,cjanuszewiczil@miibeian.gov.cn,1vqvkCj85NoT,Cilacap,Laki-laki,36,19
671,Zarla MacGille,zmacgilleim@sourceforge.net,6n6slHx,Madiun,Laki-laki,42,8
672,Selby Fairlaw,sfairlawin@discuz.net,P9qCgr1fmO,Cirebon,Laki-laki,58,25
673,Tadd Rubinowitch,trubinowitchio@forbes.com,3oE2aZHomcS,Bekasi,Perempuan,56,6
674,Natalee Asipenko,nasipenkoip@ucoz.ru,rbCQKJll,Tegal,Perempuan,38,18
675,Beck Pether,bpetheriq@lulu.com,rKdV1OhPf,Purwokerto,Perempuan,56,2
676,Sapphire Chattelaine,schattelaineir@theguardian.com,4Sg2UiWB46,Bogor,Laki-laki,19,21
677,Sumner Troup,stroupis@merriam-webster.com,h8fTEQd7aR,Tegal,Perempuan,27,21
678,Mirabella Lawry,mlawryit@independent.co.uk,1CROYk2O,Malang,Laki-laki,17,4
679,Aarika Rainy,arainyiu@disqus.com,ZZ9r8Cd7wW,Pekalongan,Perempuan,44,17
680,Caterina Chrishop,cchrishopiv@is.gd,tk1O4ANFIk,Depok,Perempuan,42,5
681,Nicoli Gittis,ngittisiw@eventbrite.com,4IOJRSHejoo,Bogor,Perempuan,62,9
682,Rosana Pealing,rpealingix@opensource.org,qjmd9FOqLV,Surabaya,Perempuan,31,4
683,Freddie Jobin,fjobiniy@wsj.com,or66c8Z,Jakarta,Perempuan,30,3
684,Hakim Limbert,hlimbertiz@youtube.com,ZPhTfulVARyz,Bandung,Perempuan,28,5
685,Franni Cocks,fcocksj0@prweb.com,JTuoK1,Cirebon,Perempuan,67,2
686,Eirena Labet,elabetj1@prnewswire.com,9t5wboLf,Surabaya,Perempuan,52,12
687,Elli Spieck,espieckj2@hugedomains.com,8Ux1QBi,Semarang,Laki-laki,39,21
688,Rickey Hufton,rhuftonj3@webs.com,IzQhv8nim,Solo,Perempuan,18,12
689,Donalt Cariss,dcarissj4@infoseek.co.jp,1vTWZYGMoe1,Magelang,Laki-laki,15,9
690,Gustav Bulger,gbulgerj5@woothemes.com,EKcRtMXMz,Purwokerto,Laki-laki,51,21
691,Greer Seignior,gseigniorj6@tiny.cc,pwj4Js6jRTrv,Surabaya,Laki-laki,55,10
692,Fee Ramplee,frampleej7@e-recht24.de,vkQIQzfp,Surabaya,Perempuan,50,23
693,Kizzie Bingley,kbingleyj8@theglobeandmail.com,FRHfVjXcCb,Surabaya,Perempuan,44,9
694,Tamas Gerard,tgerardj9@nba.com,YgkbGn,Probolinggo,Perempuan,61,14
695,Brit Mallen,bmallenja@house.gov,PwlfShtV164,Malang,Perempuan,62,16
696,Maurie O'Hallihane,mohallihanejb@nps.gov,kttOAV6h1,Bandung,Laki-laki,32,6
697,Lauralee Nurny,lnurnyjc@jiathis.com,4n6fUco07X,Tangerang,Perempuan,27,3
698,Zita Yven,zyvenjd@jiathis.com,tO3hKNIc7,Malang,Laki-laki,50,8
699,Constantin Cruickshank,ccruickshankje@zdnet.com,OsKTnB18QEp,Solo,Laki-laki,34,14
700,Cart Doby,cdobyjf@example.com,dBgImrK,Bekasi,Perempuan,65,13
701,Gibby Heinsen,gheinsenjg@google.nl,lOKQDekTmH6v,Cilacap,Perempuan,42,16
702,Karoly Gooderick,kgooderickjh@wikispaces.com,1P7aZPT9rmQx,Tegal,Laki-laki,19,25
703,Analise Pitford,apitfordji@statcounter.com,Ksug7tHHUX,Yogyakarta,Perempuan,45,19
704,Odette Reddle,oreddlejj@patch.com,ELUcMLoB,Jakarta,Laki-laki,29,19
705,Ulric Sexstone,usexstonejk@theglobeandmail.com,adTSqQO,Depok,Perempuan,48,7
706,Meredithe Pocknell,mpocknelljl@netscape.com,okfGyo,Bandung,Laki-laki,22,8
707,Bradford Bissiker,bbissikerjm@tinyurl.com,sCQ5jCA,Yogyakarta,Laki-laki,50,2
708,Esmaria Gong,egongjn@ow.ly,dDGQTq3,Tegal,Perempuan,31,20
709,Jody Menghi,jmenghijo@usa.gov,2y0mANWse,Surabaya,Perempuan,63,8
710,Erie Hatliffe,ehatliffejp@bigcartel.com,OlGzewJ3,Cilacap,Laki-laki,21,19
711,Maurene Lytell,mlytelljq@facebook.com,UygG2W0C,Pekalongan,Perempuan,45,15
712,Cherie Wykes,cwykesjr@artisteer.com,WePppDBfMCRn,Pekalongan,Laki-laki,25,16
713,Tailor Smy,tsmyjs@prnewswire.com,vsq7bE9B4,Probolinggo,Laki-laki,50,11
714,Ozzie Dawidman,odawidmanjt@sciencedirect.com,zfZZqBFX2,Bekasi,Perempuan,53,8
715,Leroy Davoren,ldavorenju@springer.com,sv7CUu66Hhk,Malang,Laki-laki,26,11
716,Jorgan Oager,joagerjv@scribd.com,353iVRh,Cilacap,Perempuan,37,21
717,Ab McKall,amckalljw@google.de,gkABtG4Xs5m,Bandung,Laki-laki,28,15
718,Jone Dicky,jdickyjx@eventbrite.com,3mEvb0Qxpk,Bekasi,Laki-laki,57,8
719,Arny MacIlhargy,amacilhargyjy@amazon.co.jp,i8PrAJqpLWZL,Bogor,Laki-laki,27,21
720,Hedy Carless,hcarlessjz@fotki.com,N4pTd2xz,Purwokerto,Perempuan,27,22
721,Web Ferenc,wferenck0@ebay.co.uk,zu3CA60SUS,Bekasi,Laki-laki,60,11
722,Madelaine Noke,mnokek1@symantec.com,T6kLytcdKxT,Tangerang,Perempuan,70,23
723,Krispin Ravenhills,kravenhillsk2@deviantart.com,aQVhxOH,Malang,Laki-laki,53,8
724,Timi Kunath,tkunathk3@ask.com,cJd5W0E4PaU,Semarang,Perempuan,28,21
725,Alli Olivetti,aolivettik4@bizjournals.com,Ko8Bs9go,Tegal,Laki-laki,55,12
726,Howard Cradey,hcradeyk5@squidoo.com,CrAbARpq6,Pasuruan,Laki-laki,34,17
727,Sylas Norcock,snorcockk6@sbwire.com,HFnsvAVOZQw,Pasuruan,Laki-laki,59,11
728,Perla Sargood,psargoodk7@home.pl,fs8B4vsRESDa,Probolinggo,Perempuan,38,7
729,Linn Maier,lmaierk8@walmart.com,GrHJafK,Madiun,Perempuan,46,2
730,Cammi Waddam,cwaddamk9@furl.net,zLmP0p8,Pekalongan,Laki-laki,55,23
731,Brenden Tallach,btallachka@example.com,GxCC1oRJ,Magelang,Perempuan,45,24
732,Wiatt Bassil,wbassilkb@google.ru,jq8nVIilmT,Bogor,Laki-laki,19,5
733,Ikey Cayton,icaytonkc@irs.gov,I09y050Dv,Magelang,Laki-laki,22,7
734,Penni Maton,pmatonkd@ocn.ne.jp,QBbLew,Bandung,Perempuan,68,9
735,Guthrie Cunde,gcundeke@feedburner.com,OMWD5IA,Pasuruan,Perempuan,22,10
736,Jdavie Kingwell,jkingwellkf@liveinternet.ru,zMl1Y3sny,Surabaya,Perempuan,42,4
737,Elva Bunny,ebunnykg@jugem.jp,u5PHQzBqo,Tangerang,Perempuan,52,6
738,Karim Smouten,ksmoutenkh@cdbaby.com,qj2wwz02kx,Pasuruan,Laki-laki,67,23
739,Timothea Petrov,tpetrovki@goodreads.com,z7UH7c1Hw,Madiun,Laki-laki,31,4
740,Ernesto Elfleet,eelfleetkj@tiny.cc,tHWCxDp,Pekalongan,Laki-laki,29,4
741,Wright Lenin,wleninkk@godaddy.com,VvS8diiDI,Pekalongan,Laki-laki,24,22
742,Sherman Sangster,ssangsterkl@buzzfeed.com,kV9K8TvZ,Cirebon,Perempuan,67,14
743,Beltran Matis,bmatiskm@uiuc.edu,XJBHFP1W,Tangerang,Perempuan,60,5
744,Ilario Marieton,imarietonkn@theguardian.com,FEYeZUg8,Solo,Laki-laki,17,1
745,Lindi Speerman,lspeermanko@livejournal.com,F6RrVkNUMIbZ,Purwokerto,Perempuan,66,13
746,Trevar Merrgan,tmerrgankp@sohu.com,MDPiN0Kw7K,Jakarta,Perempuan,65,21
747,Nicolais Burfitt,nburfittkq@webeden.co.uk,rM5yjQzdUk,Surabaya,Perempuan,29,15
748,Gualterio Hyder,ghyderkr@cyberchimps.com,qMa4fBF5xH94,Probolinggo,Laki-laki,28,23
749,Zaria Saffon,zsaffonks@princeton.edu,VnDaNm,Tegal,Perempuan,38,12
750,Waite Bransom,wbransomkt@pagesperso-orange.fr,XBj90A,Malang,Perempuan,16,10
751,Milo Bernolet,mbernoletku@posterous.com,jszrojM4Xq,Pekalongan,Perempuan,52,2
752,Bliss Caldecott,bcaldecottkv@ftc.gov,4JgDDSeKz,Surabaya,Laki-laki,50,21
753,Kory Benkhe,kbenkhekw@blog.com,b7dnS7041GAd,Tegal,Perempuan,27,24
754,Dom Showen,dshowenkx@blogs.com,id1x8HOOb3,Pekalongan,Laki-laki,23,12
755,Barbette Tolcher,btolcherky@360.cn,ci4b5Z,Tangerang,Laki-laki,44,8
756,Nial Gebby,ngebbykz@domainmarket.com,OnWqfeKOp5Dh,Depok,Laki-laki,58,4
757,Tedda Saunter,tsaunterl0@comsenz.com,0WephGe6,Purwokerto,Laki-laki,49,23
758,Pattie Brumpton,pbrumptonl1@pbs.org,akg5BR,Cirebon,Laki-laki,63,1
759,Tallie Bumby,tbumbyl2@goo.ne.jp,NFeGLkmeY4,Cilacap,Laki-laki,15,15
760,Mill Elloit,melloitl3@cbslocal.com,GjBzZ7Bo,Bekasi,Perempuan,70,22
761,Sidnee Bowmen,sbowmenl4@privacy.gov.au,HNCqCjKRn5Xn,Jakarta,Laki-laki,59,25
762,Romeo Ximenez,rximenezl5@cbslocal.com,mnEYut,Bandung,Laki-laki,59,16
763,Alyson Aspall,aaspalll6@delicious.com,cT5QSmh04QFn,Solo,Perempuan,29,25
764,Mateo Emmott,memmottl7@furl.net,qe0fffec19,Bandung,Perempuan,51,13
765,Rubia Pember,rpemberl8@businessinsider.com,tRmXtZdD,Solo,Laki-laki,20,22
766,Aimee Bowick,abowickl9@linkedin.com,jMfGOf8,Cirebon,Perempuan,23,21
767,Sargent Persence,spersencela@mashable.com,ucxsb28i,Yogyakarta,Laki-laki,43,24
768,Samuele Zannuto,szannutolb@engadget.com,rmY1ZMkYjVyg,Pasuruan,Laki-laki,37,23
769,Conrad Boxall,cboxalllc@free.fr,77rNfy,Solo,Laki-laki,40,19
770,Stacee Windridge,swindridgeld@myspace.com,xyNSuUJ6qHUY,Depok,Perempuan,65,10
771,Stace Tomblin,stomblinle@weather.com,bwgpHbet,Purwokerto,Perempuan,60,10
772,Vicki Avesque,vavesquelf@unblog.fr,NYLh8S83t8H,Semarang,Laki-laki,24,17
773,Bruno Crowter,bcrowterlg@so-net.ne.jp,65vz8nCf56,Cirebon,Perempuan,64,8
774,Yasmeen Seegar,yseegarlh@moonfruit.com,9LR7uRUwUZso,Bandung,Laki-laki,26,18
775,Gunter Steade,gsteadeli@chron.com,6yk2ErVEetH,Depok,Laki-laki,28,14
776,Ynez Challicombe,ychallicombelj@boston.com,vSlRPFCy,Semarang,Laki-laki,51,14
777,Russell Garstan,rgarstanlk@indiegogo.com,uWJyLDIz,Pasuruan,Perempuan,40,23
778,Iver Chartre,ichartrell@hibu.com,nz8dglYX06,Bogor,Perempuan,20,16
779,Cindra Kilminster,ckilminsterlm@amazon.co.jp,JxwHi360L71,Surabaya,Perempuan,37,21
780,Retha Machent,rmachentln@soup.io,43xTPuDjVT,Madiun,Perempuan,61,25
781,Filippo Cranke,fcrankelo@aol.com,Flp0TackRr,Madiun,Laki-laki,23,23
782,Chancey Geratasch,cgerataschlp@omniture.com,fYHDN6vY,Cirebon,Perempuan,70,1
783,Julee Overel,joverellq@biblegateway.com,bNtyk1p2SDX,Tangerang,Laki-laki,51,25
784,Gillie McEvoy,gmcevoylr@odnoklassniki.ru,v19ThC,Magelang,Laki-laki,59,6
785,Ruperta Sliney,rslineyls@infoseek.co.jp,OwSuLgwqQD,Tegal,Perempuan,29,2
786,Cal Keyzor,ckeyzorlt@bandcamp.com,OJpzymZ,Cilacap,Laki-laki,36,9
787,Monty Leeds,mleedslu@altervista.org,Vxioy3E,Magelang,Perempuan,66,9
788,Maynard Holde,mholdelv@livejournal.com,bujJsTb24NX5,Bogor,Laki-laki,28,16
789,Fawnia Forbes,fforbeslw@biblegateway.com,0ZN2NE,Tegal,Perempuan,44,11
790,Jordanna Cuerda,jcuerdalx@gmpg.org,hZEAHU,Depok,Perempuan,61,14
791,Carline Speedin,cspeedinly@nymag.com,fkelzhGjF1,Tegal,Laki-laki,28,7
792,Josefina Porker,jporkerlz@baidu.com,8iV8kRReklOS,Madiun,Laki-laki,48,3
793,Ingar Juckes,ijuckesm0@cornell.edu,V6aQM1f8,Semarang,Laki-laki,17,10
794,Patti Lumbley,plumbleym1@patch.com,RWYEDG1wxL,Pekalongan,Perempuan,43,14
795,Nat Donizeau,ndonizeaum2@liveinternet.ru,H6dYWT,Probolinggo,Laki-laki,36,23
796,Dynah Kauffman,dkauffmanm3@themeforest.net,95WLEGOg2ki,Bogor,Laki-laki,21,13
797,Lezley Burgan,lburganm4@twitpic.com,g7FHNkZA,Solo,Laki-laki,63,10
798,Kendrick Alloway,kallowaym5@reddit.com,l0HHMpxJ4Ew,Bandung,Perempuan,18,16
799,Ky Oglethorpe,koglethorpem6@clickbank.net,ul6TBufm8IXd,Bogor,Laki-laki,32,11
800,Rossie Wills,rwillsm7@cnn.com,nw9dOMZNx,Bandung,Perempuan,31,19
801,Charlotta Duffit,cduffitm8@miibeian.gov.cn,dTz2qS3u,Probolinggo,Laki-laki,29,6
802,Dorita Savill,dsavillm9@goo.ne.jp,VwDdyhn,Bandung,Perempuan,44,18
803,Garek Smullin,gsmullinma@nhs.uk,fihjm9DQaL0y,Bekasi,Perempuan,30,14
804,Robbie Somerville,rsomervillemb@addtoany.com,chfkxCEyPDE,Magelang,Laki-laki,61,21
805,Celene Chrismas,cchrismasmc@fema.gov,Ai6ay1neL,Cirebon,Laki-laki,63,3
806,Jacklyn Canlin,jcanlinmd@ebay.co.uk,x0H3aap,Yogyakarta,Laki-laki,24,14
807,Leroy Greatex,lgreatexme@meetup.com,GEzPFj8,Probolinggo,Laki-laki,16,25
808,Glynda Fishlee,gfishleemf@diigo.com,ESWoppQrrnqx,Madiun,Laki-laki,15,5
809,Davis Radclyffe,dradclyffemg@engadget.com,aqhc0rpMCsKc,Cilacap,Laki-laki,62,14
810,Odie Orcott,oorcottmh@shutterfly.com,Ul1IDV,Bogor,Laki-laki,65,14
811,Fianna Cluely,fcluelymi@posterous.com,zLNzA7Vdgs,Bogor,Laki-laki,26,24
812,Rabbi Bresner,rbresnermj@cornell.edu,HMdrGf,Bekasi,Laki-laki,44,22
813,Carlo Clarkin,cclarkinmk@alexa.com,lXWlg4iQK,Tangerang,Laki-laki,59,4
814,Livvie Blumson,lblumsonml@ovh.net,5xna1o4C7l,Pasuruan,Perempuan,34,24
815,Raphael Crummy,rcrummymm@indiegogo.com,Iw40z2Qe,Purwokerto,Perempuan,20,5
816,Clo Woodwin,cwoodwinmn@trellian.com,0noEhlYHsVq,Depok,Perempuan,49,2
817,Gavin Grolle,ggrollemo@discovery.com,lBOVXO,Cilacap,Laki-laki,22,17
818,Tabby Ostler,tostlermp@cdbaby.com,TTAvsD,Magelang,Laki-laki,43,4
819,Ardis Giorgeschi,agiorgeschimq@surveymonkey.com,nC7j41OdPc,Bandung,Laki-laki,35,11
820,Jerrilyn Tipton,jtiptonmr@army.mil,1EuMXnhVE,Surabaya,Perempuan,26,24
821,Del Assante,dassantems@ehow.com,2U5xigtHj0P,Bandung,Perempuan,45,3
822,Avigdor O'Lahy,aolahymt@godaddy.com,ZFdBsIiX,Cilacap,Laki-laki,65,18
823,Nonnah Craker,ncrakermu@pbs.org,pPVbZLeb4Gq,Tangerang,Perempuan,22,7
824,Daphna Maureen,dmaureenmv@acquirethisname.com,ZTMzQmXWt6,Pekalongan,Laki-laki,44,13
825,Layton Thomel,lthomelmw@nyu.edu,eWRDc7smun7,Solo,Laki-laki,19,13
826,Zechariah Cumbridge,zcumbridgemx@businessweek.com,eIU6wH6,Cirebon,Laki-laki,63,9
827,Eolanda Sooley,esooleymy@ft.com,uuknBI2oQ,Cirebon,Perempuan,56,14
828,Leighton Lakes,llakesmz@craigslist.org,YzdmBnST78,Purwokerto,Laki-laki,29,22
829,Giulio Sherington,gsheringtonn0@example.com,lP0nlEqC,Cilacap,Laki-laki,24,16
830,Trula Espadero,tespaderon1@tumblr.com,sSu4YFK,Cilacap,Laki-laki,61,4
831,Ruth Dudin,rdudinn2@soundcloud.com,wBKaZ2trHmE,Tangerang,Laki-laki,57,18
832,Edith Newton,enewtonn3@qq.com,trReKD9m,Magelang,Perempuan,49,22
833,Willy Beamson,wbeamsonn4@1688.com,LHaCmfXlU,Cilacap,Perempuan,60,20
834,Rich Laughrey,rlaughreyn5@networksolutions.com,aHTTj6oQGY,Tangerang,Laki-laki,52,7
835,Ginevra Yesenev,gyesenevn6@msu.edu,8gz4fNu,Bogor,Laki-laki,17,14
836,Iorgos Goodlake,igoodlaken7@ustream.tv,qlJqCV,Semarang,Laki-laki,40,25
837,Corry Farbrace,cfarbracen8@ehow.com,hi8ogYmELBtn,Pasuruan,Laki-laki,38,1
838,Keriann Sibson,ksibsonn9@nydailynews.com,6wS6dvD,Malang,Perempuan,47,9
839,Roddy Cristofor,rcristoforna@state.gov,hoyfjtXdA,Tegal,Laki-laki,59,6
840,Frederic Heggison,fheggisonnb@people.com.cn,tw8jBeqTB,Pasuruan,Laki-laki,22,2
841,Selie Philbrook,sphilbrooknc@1688.com,EYNNMXIG8N,Bekasi,Laki-laki,41,9
842,Huntlee Methingam,hmethingamnd@tuttocitta.it,MazOVz,Yogyakarta,Laki-laki,69,20
843,Veronique Pantone,vpantonene@auda.org.au,I62QoHc,Purwokerto,Perempuan,66,1
844,Joletta Karet,jkaretnf@chronoengine.com,PTjy4BIh6,Semarang,Laki-laki,52,10
845,Viviyan Dumbrell,vdumbrellng@hc360.com,4k58Jye9q,Tegal,Perempuan,32,20
846,Valentine Darnbrook,vdarnbrooknh@theguardian.com,XLmqZrQw,Tegal,Perempuan,41,17
847,Barris Mungane,bmunganeni@redcross.org,H3cdKS,Bogor,Laki-laki,47,20
848,Lorrin Dibble,ldibblenj@tamu.edu,aujYWfyOY,Bekasi,Laki-laki,21,12
849,Hy Keats,hkeatsnk@slashdot.org,V0GHEnNfFc,Bekasi,Laki-laki,37,11
850,Marlin Antusch,mantuschnl@businessinsider.com,POMT1rNJb8Du,Pekalongan,Laki-laki,70,20
851,Bartholomeo Breckon,bbreckonnm@istockphoto.com,o1ioJjTQoo,Semarang,Laki-laki,49,13
852,Elena Boreland,eborelandnn@tripadvisor.com,SoKI2g4D,Yogyakarta,Perempuan,32,22
853,Jarvis Lavallie,jlavallieno@hc360.com,8ZVQvzTe8,Bogor,Perempuan,61,15
854,Barton Blose,bblosenp@yandex.ru,lsVUhUBpPL,Depok,Perempuan,51,16
855,Carmelita Coles,ccolesnq@hp.com,B28SpYDUexZx,Depok,Laki-laki,48,20
856,Chrystal Vineall,cvineallnr@va.gov,7ku7oMnFp,Surabaya,Laki-laki,26,6
857,Raddy Quan,rquanns@go.com,Bfnd9LJKA2a,Pasuruan,Laki-laki,70,4
858,Nicolais de Guerre,ndent@g.co,rhgdKunA,Semarang,Laki-laki,21,17
859,Nilson Shipway,nshipwaynu@google.cn,QpGpVkbmh50,Cirebon,Laki-laki,29,17
860,Myron Allett,mallettnv@independent.co.uk,gUZzPH34J,Purwokerto,Perempuan,48,7
861,Tillie Woodvine,twoodvinenw@mozilla.org,ZdvQvrAfY69,Bekasi,Perempuan,47,16
862,Simone Starkie,sstarkienx@examiner.com,4SMb2zultNxj,Bekasi,Laki-laki,42,25
863,Broderick McShee,bmcsheeny@reddit.com,0bwdCqj2Ta6,Probolinggo,Laki-laki,49,13
864,Marla Shipp,mshippnz@zimbio.com,gDgXOL4jp,Pasuruan,Perempuan,56,3
865,Abdel Jury,ajuryo0@slashdot.org,MrcENl,Magelang,Perempuan,20,3
866,Vivianna Esslemont,vesslemonto1@phoca.cz,yI8xCIWX4G,Depok,Laki-laki,51,25
867,Krissy Hyndman,khyndmano2@slate.com,gRB5LL3Zk1,Surabaya,Laki-laki,69,24
868,Jessey Brooke,jbrookeo3@desdev.cn,hphRW8jG5a1,Tangerang,Perempuan,41,24
869,Merola Palffy,mpalffyo4@yandex.ru,pgeTLxo3T,Pekalongan,Laki-laki,20,7
870,Prentice Huckerby,phuckerbyo5@unesco.org,jcO9wrLQzP8L,Bogor,Perempuan,32,4
871,Dionisio Slogrove,dslogroveo6@constantcontact.com,j3obIsm7,Madiun,Perempuan,66,5
872,Lalo Caulder,lcauldero7@google.ca,7JVsU7gZxq80,Semarang,Laki-laki,70,21
873,Davis Chidlow,dchidlowo8@google.ca,Mqm116oCkgF,Cirebon,Laki-laki,18,12
874,Murray Andell,mandello9@ibm.com,lxlCot,Tangerang,Laki-laki,69,7
875,Laurel Bayfield,lbayfieldoa@china.com.cn,wPQXvJ,Yogyakarta,Perempuan,50,20
876,Noe L'Episcopio,nlepiscopioob@twitter.com,Vhkw1FQwAc,Tegal,Laki-laki,37,16
877,Avivah Manders,amandersoc@tinyurl.com,cIfxlWEFJLkD,Cilacap,Perempuan,15,19
878,Cordell Curtayne,ccurtayneod@wikimedia.org,fgeA4tOwI,Depok,Perempuan,60,9
879,Price Demcak,pdemcakoe@g.co,DBLfyGf,Tangerang,Laki-laki,25,18
880,Caresse Cromarty,ccromartyof@webs.com,wITcEm,Depok,Perempuan,22,16
881,Jeremie Konneke,jkonnekeog@fastcompany.com,U2XhStvXRyu,Tangerang,Laki-laki,27,1
882,Rorie Fereday,rferedayoh@google.cn,ZDVX5EeRgX,Surabaya,Perempuan,21,11
883,Maryellen Manoch,mmanochoi@auda.org.au,Hkvo3q,Surabaya,Laki-laki,67,17
884,Coletta Scholtz,cscholtzoj@soup.io,9z1eBSXX1,Purwokerto,Perempuan,68,9
885,Damian Fratczak,dfratczakok@furl.net,a8JAsqB4oV,Surabaya,Perempuan,39,3
886,Danny Bindley,dbindleyol@patch.com,YTYXxa3ajUEI,Tegal,Perempuan,23,5
887,Alison Hillburn,ahillburnom@tripod.com,k0VK54Sji,Bandung,Perempuan,49,16
888,Paulie Instrell,pinstrellon@soup.io,lZJJMVZrO,Pekalongan,Laki-laki,57,23
889,Jenni Pettigree,jpettigreeoo@studiopress.com,7vQWUE6,Yogyakarta,Perempuan,33,5
890,Garner Dmitrienko,gdmitrienkoop@go.com,jmO935T3Zed,Surabaya,Laki-laki,46,13
891,Marijo Yoseloff,myoseloffoq@cocolog-nifty.com,9A1EQsxyLIRp,Magelang,Laki-laki,22,9
892,Laurice Aaronson,laaronsonor@newyorker.com,r19U247OhHxE,Cilacap,Perempuan,62,5
893,Morissa Gahagan,mgahaganos@jigsy.com,v8UOyr41KB,Purwokerto,Perempuan,20,8
894,Sadye Crean,screanot@hao123.com,unQ7GdeE1,Pekalongan,Laki-laki,51,9
895,Wenda Breckwell,wbreckwellou@who.int,IlPYvQo,Jakarta,Laki-laki,52,19
896,Moore Rawlin,mrawlinov@google.ca,DXJdea6bs,Semarang,Perempuan,39,14
897,Monty Juara,mjuaraow@google.nl,ALUL7zaC5,Yogyakarta,Perempuan,23,9
898,Cissiee Daldry,cdaldryox@hibu.com,jDZs6VmGn,Solo,Perempuan,48,6
899,Devlen Raye,drayeoy@time.com,rAZTdz1klom1,Pekalongan,Laki-laki,20,15
900,Vivyan Hutchison,vhutchisonoz@smh.com.au,ePg3HY,Cilacap,Laki-laki,37,9
901,Isidro Wayon,iwayonp0@theguardian.com,8rSdqOOSm0th,Cilacap,Laki-laki,31,2
902,Jillane Masser,jmasserp1@sun.com,mk8WadHnw,Magelang,Laki-laki,65,14
903,Cass Thorn,cthornp2@barnesandnoble.com,DthuCib,Surabaya,Laki-laki,55,3
904,Stirling McDougle,smcdouglep3@hao123.com,xH9sGbLg,Pasuruan,Perempuan,68,12
905,Cornie Sails,csailsp4@jalbum.net,RYgrJeuz,Surabaya,Perempuan,40,11
906,Slade Gask,sgaskp5@wufoo.com,wYeBnsCp70C,Tangerang,Laki-laki,39,19
907,Marco Spensly,mspenslyp6@delicious.com,wm0WgJ,Surabaya,Laki-laki,42,16
908,Darnell Ferrone,dferronep7@ovh.net,scBajYcs,Semarang,Perempuan,22,6
909,Ashby Weyland,aweylandp8@nps.gov,N76CXwR,Solo,Perempuan,41,2
910,Timmie Tarbet,ttarbetp9@indiatimes.com,x8OOmKyK90u,Tegal,Perempuan,58,20
911,Patton McArtan,pmcartanpa@state.gov,LwMrnHqFuFaA,Malang,Laki-laki,39,16
912,Lyndsay De Castri,ldepb@ebay.com,A4xFDwv,Jakarta,Perempuan,38,12
913,Giselbert Blandamore,gblandamorepc@github.io,NkTzrRvYt,Malang,Perempuan,46,4
914,Jamey Stango,jstangopd@pagesperso-orange.fr,nT5oT7RILm8i,Probolinggo,Perempuan,57,5
915,Jessie Kedie,jkediepe@ft.com,GZC4J6w,Magelang,Laki-laki,64,1
916,Marylinda Aleevy,maleevypf@rambler.ru,Djm2Sn,Magelang,Perempuan,63,20
917,Ferdy Andriveaux,fandriveauxpg@creativecommons.org,phV96AT2,Purwokerto,Laki-laki,29,15
918,Benjamin Guiu,bguiuph@marriott.com,0xByp8vWz,Solo,Perempuan,34,21
919,Odessa Letessier,oletessierpi@yelp.com,i2rJenf90B8,Malang,Perempuan,61,9
920,Claudio Macewan,cmacewanpj@nifty.com,J5Qnj9e,Surabaya,Perempuan,44,22
921,Massimo Figgs,mfiggspk@google.com.br,8AYNj7,Solo,Perempuan,34,5
922,Perry Chastenet,pchastenetpl@ted.com,GowRzQlxzy,Yogyakarta,Laki-laki,67,3
923,Hieronymus Sheal,hshealpm@edublogs.org,kB8ilqhfw,Purwokerto,Perempuan,17,21
924,Alwyn Iacobacci,aiacobaccipn@instagram.com,2b5PNUOlzj,Probolinggo,Laki-laki,31,3
925,Alma McCaffrey,amccaffreypo@qq.com,YYZyuSKn,Bogor,Laki-laki,28,9
926,Muhammad Northridge,mnorthridgepp@zdnet.com,7kcsrdlHncM,Bandung,Laki-laki,16,5
927,Stefanie Batman,sbatmanpq@arstechnica.com,mKdGbzhTj5,Purwokerto,Perempuan,42,11
928,Paul Margiotta,pmargiottapr@hexun.com,BqMK1GtRFUA,Bekasi,Laki-laki,53,11
929,My Switzer,mswitzerps@cornell.edu,o50SP3BHoH,Pekalongan,Laki-laki,28,2
930,Paolina Wildor,pwildorpt@hugedomains.com,UjfW3CIE,Purwokerto,Laki-laki,34,21
931,Karia Caird,kcairdpu@de.vu,ycAfYHNTWp,Bekasi,Laki-laki,64,6
932,Gherardo Hollows,ghollowspv@omniture.com,zI70DLfZCh,Bekasi,Perempuan,57,11
933,Merridie Stryde,mstrydepw@hc360.com,iYdsdzE3Kj,Pasuruan,Perempuan,20,22
934,Hermann Rawlin,hrawlinpx@dmoz.org,AGZuWAw,Jakarta,Laki-laki,58,15
935,Nedi De Bischof,ndepy@github.io,UUK929m6O,Probolinggo,Perempuan,26,8
936,Giacopo Tunnicliff,gtunnicliffpz@drupal.org,18ZrqQI0POe,Surabaya,Laki-laki,58,1
937,Evangelina Espadas,eespadasq0@yahoo.com,VWpvRmU31,Tegal,Laki-laki,32,2
938,Tawsha Andrieu,tandrieuq1@ustream.tv,ktF67ce3Pc,Bandung,Perempuan,48,24
939,Teodorico Baumaier,tbaumaierq2@technorati.com,W9wMw3H,Madiun,Laki-laki,23,13
940,Alec Devenport,adevenportq3@google.cn,GQ5IVIxHW6,Pekalongan,Laki-laki,42,2
941,Annamarie Gaddie,agaddieq4@aboutads.info,QvsrugdR0a,Pekalongan,Perempuan,49,16
942,August McQuillin,amcquillinq5@abc.net.au,reL7eyUs9l,Pasuruan,Perempuan,55,9
943,Adham Cartmale,acartmaleq6@arizona.edu,HcbibETovK,Jakarta,Perempuan,64,1
944,Bondie Drage,bdrageq7@who.int,qsbIXH1o,Bogor,Laki-laki,33,24
945,Leshia Spurling,lspurlingq8@cargocollective.com,u1VLOIG3S,Solo,Laki-laki,32,2
946,Huntington Chattey,hchatteyq9@marketwatch.com,I0hh53D7z,Tegal,Perempuan,54,4
947,Issie Summerscales,isummerscalesqa@mediafire.com,aK76kh2N,Solo,Perempuan,51,25
948,Dean Tyrer,dtyrerqb@stumbleupon.com,8GdRfkI6Q,Surabaya,Perempuan,56,1
949,Cleavland Wigfall,cwigfallqc@weather.com,cSIxBS,Bekasi,Laki-laki,55,9
950,Aubrette Pendred,apendredqd@tuttocitta.it,zQE5nr,Semarang,Laki-laki,40,16
951,Reg Sturges,rsturgesqe@bloglovin.com,WLSKNK9y,Pasuruan,Laki-laki,43,24
952,Arch Dorrins,adorrinsqf@cargocollective.com,xLttIxu67,Bekasi,Perempuan,68,23
953,Sibyl Reace,sreaceqg@aol.com,z1roqybx,Bogor,Perempuan,39,2
954,Svend Chipman,schipmanqh@booking.com,Tz5CRSqoW,Solo,Perempuan,59,1
955,Starr Mence,smenceqi@creativecommons.org,CNAUUiL,Tangerang,Perempuan,24,18
956,Duffy Warbeys,dwarbeysqj@usda.gov,wSwJKF6VCs8,Madiun,Perempuan,36,21
957,Berton Hanfrey,bhanfreyqk@istockphoto.com,KXJtny7BJZLo,Bandung,Perempuan,50,10
958,Trina Cymper,tcymperql@plala.or.jp,tRQbV54eUOl,Pasuruan,Laki-laki,26,6
959,Brice Rodders,broddersqm@pinterest.com,RRkt142,Bandung,Perempuan,65,25
960,Shaine McAllen,smcallenqn@wordpress.org,EK4DaFjtT,Probolinggo,Laki-laki,55,20
961,Elden McNicol,emcnicolqo@theatlantic.com,gxgAWYeE72Vs,Pekalongan,Laki-laki,41,7
962,Isador Fransemai,ifransemaiqp@cbsnews.com,IsUOMK,Pasuruan,Perempuan,23,10
963,Padget Longmuir,plongmuirqq@dailymotion.com,T99Yz3Xxu5Wg,Cilacap,Perempuan,36,19
964,Candy Tregona,ctregonaqr@wsj.com,jGyxJQKXn0SF,Bogor,Perempuan,69,23
965,Briney Abilowitz,babilowitzqs@newyorker.com,drF04n,Bandung,Perempuan,39,4
966,Berna Dinzey,bdinzeyqt@livejournal.com,KYg3az3wiw8N,Madiun,Laki-laki,23,11
967,Chris Lunam,clunamqu@seesaa.net,PLAUgnr,Cirebon,Laki-laki,22,10
968,Thorn Jarnell,tjarnellqv@hc360.com,kc4Thyo,Jakarta,Laki-laki,27,16
969,Krista Lineham,klinehamqw@domainmarket.com,oRaBPApl,Jakarta,Perempuan,40,22
970,Alane Whitington,awhitingtonqx@toplist.cz,X6ml7eN4vsS,Cirebon,Laki-laki,51,25
971,Ennis Van't Hoff,evantqy@goodreads.com,QhpTQq,Pekalongan,Laki-laki,16,25
972,Jeanelle Aubrey,jaubreyqz@moonfruit.com,JXo7Rg,Magelang,Laki-laki,59,4
973,Clarita Cruttenden,ccruttendenr0@so-net.ne.jp,m9dUaou,Semarang,Laki-laki,27,9
974,Issie Strugnell,istrugnellr1@deviantart.com,pl3Sqlv,Bekasi,Laki-laki,17,18
975,Torey McAless,tmcalessr2@google.com.au,Zh2YwPyP,Malang,Laki-laki,26,20
976,Stu Casson,scassonr3@usa.gov,nxXwyKBH4Fh,Tegal,Perempuan,25,23
977,Rube Swett,rswettr4@360.cn,20H8lU9Ol,Solo,Laki-laki,35,7
978,Serene Gathercoal,sgathercoalr5@xing.com,7C37PWYE96,Pekalongan,Perempuan,45,13
979,Henrietta Gritton,hgrittonr6@51.la,2SnAyiw,Depok,Perempuan,17,8
980,Giuseppe Goly,ggolyr7@tinypic.com,bwxyMC,Bandung,Laki-laki,61,9
981,Maximilien Niblett,mniblettr8@samsung.com,lJQ2nz,Purwokerto,Laki-laki,62,24
982,Lethia Eborn,lebornr9@goo.ne.jp,Oqibs5IzzdlN,Madiun,Perempuan,69,9
983,Benedikt Klebes,bklebesra@patch.com,y6T6CqPvl9pV,Surabaya,Perempuan,33,23
984,Livvyy Cheak,lcheakrb@loc.gov,P1JowI22f,Surabaya,Perempuan,58,5
985,Edie Atteridge,eatteridgerc@hatena.ne.jp,VaZDfbIaI8h,Cirebon,Perempuan,57,7
986,Concettina Stanners,cstannersrd@columbia.edu,8lcAPSgrjz,Purwokerto,Laki-laki,40,18
987,Townie Staunton,tstauntonre@shareasale.com,08EfN9FJ,Bekasi,Laki-laki,15,2
988,Lisetta Syncke,lsynckerf@mashable.com,w3nbPaA,Tegal,Laki-laki,38,6
989,Kylila Boggs,kboggsrg@nymag.com,oIF9yxil7,Depok,Laki-laki,66,12
990,Christie Narramore,cnarramorerh@sina.com.cn,h93nkwBSkYeq,Depok,Laki-laki,46,17
991,Siusan McKiernan,smckiernanri@prlog.org,UfqKLlWpdoo,Pekalongan,Laki-laki,62,2
992,Craggy Korb,ckorbrj@uol.com.br,iIIHOgSpiYw,Jakarta,Perempuan,26,19
993,Gaspard Luty,glutyrk@geocities.jp,IUhjdi5TK,Jakarta,Laki-laki,67,3
994,Georgie Izatson,gizatsonrl@vkontakte.ru,sF3G1TuZ,Bandung,Perempuan,44,19
995,Emmy Morritt,emorrittrm@godaddy.com,kKkKYABwzGx,Malang,Laki-laki,50,3
996,Briano Robus,brobusrn@wired.com,FlWrYXC0uRG,Semarang,Laki-laki,47,11
997,Frazer MacNelly,fmacnellyro@adobe.com,ZfiJciDnN,Jakarta,Perempuan,41,21
998,Nevil Matthias,nmatthiasrp@reference.com,IvihNIYnwK,Yogyakarta,Perempuan,28,13
999,Osgood Fanner,ofannerrq@marriott.com,PkzqnNaip,Probolinggo,Perempuan,54,17
1000,Kirstin Gellion,kgellionrr@drupal.org,wxuhcBw,Bekasi,Perempuan,24,16
